x1,x2,x3,time,event,time_true,c1,c2
0.4277699642047284,-0.5759784901116706,-0.11462687666677902,4.259399999999999,1,4.259399999999999,6.0,inf
-0.5708375568864456,0.13703355956401808,-0.9092835910047538,3.4418999999999995,1,3.4418999999999995,6.0,inf
2.6544606897300973,-1.3170737983449035,0.41217207072946527,2.0235,1,2.0235,6.0,inf
-1.6085449528642095,1.3805267089713162,2.2555610339377856,0.24569999999999997,1,0.24569999999999997,6.0,inf
0.6617156616641691,0.9714402982618944,-0.5934207519503842,1.8950999999999998,1,1.8950999999999998,6.0,inf
-0.14342594397899663,-0.5814044610367819,1.193345398175476,2.0669999999999997,1,2.0669999999999997,6.0,inf
-0.3545063884714269,1.0215863065954291,-0.2066984996802688,1.2590999999999999,1,1.2590999999999999,6.0,inf
1.066358812119841,0.0771930071275772,0.1598603772410632,1.6784999999999999,1,1.6784999999999999,6.0,inf
-1.8179220006075487,0.11433403046483058,0.24784808252589627,6.0,0,7.4948999999999995,6.0,inf
-0.9846762100886532,1.793668124545154,1.8841007747033758,0.7478999999999999,1,0.7478999999999999,6.0,inf
-0.11416014445729655,1.386677018676751,1.0787455604464593,2.4629999999999996,1,2.4629999999999996,6.0,inf
1.7412738366841587,1.1898647361621677,0.5581196035061041,0.24509999999999998,1,0.24509999999999998,6.0,inf
0.08904687115378083,-0.10226409409508493,-0.7889158178655632,5.615399999999999,1,5.615399999999999,6.0,inf
0.8956882370088884,0.38687164740369356,-1.3559629753342834,3.7022999999999997,1,3.7022999999999997,6.0,inf
-1.8633059650275363,-0.7267217456260566,-0.5480212023465495,6.0,0,8.0001,6.0,inf
-1.2388875452076324,0.9858591348892343,0.4630867154876726,1.0481999999999998,1,1.0481999999999998,6.0,inf
0.9695294734242303,0.6146489451450379,0.14831615920516072,0.7383,1,0.7383,6.0,inf
-0.6281797400433667,-0.0793047291438357,-0.11638366726570919,1.3797,1,1.3797,6.0,inf
-0.06299546024887671,0.304422539440475,-0.5734873035821089,5.9796,1,5.9796,6.0,inf
0.7308691046229037,-0.22528870922957975,-0.4081021846515626,0.9908999999999999,1,0.9908999999999999,6.0,inf
-2.205017534697761,-0.19316879279599405,-0.695078239050226,0.2742,1,0.2742,6.0,inf
-1.201165565235948,0.5301470798407352,-1.545727407708353,6.0,0,8.0001,6.0,inf
-0.09384084596981232,1.3607044988160322,0.37138716354097184,0.8534999999999999,1,0.8534999999999999,6.0,inf
-1.5464760689954131,0.47495901109217414,-0.952340230297456,6.0,0,8.0001,6.0,inf
-0.7105962202111482,0.10514302618994266,-0.08043102921999797,2.3510999999999997,1,2.3510999999999997,6.0,inf
-0.042414763677518424,0.9272350239191396,0.3326815738848308,2.1281999999999996,1,2.1281999999999996,6.0,inf
-0.6651207968909256,0.5182083148131873,0.10357040907326022,1.4562,1,1.4562,6.0,inf
-0.26877931950658895,0.5564562604974163,-0.7252267610453408,6.0,0,6.349799999999999,6.0,inf
0.041064483696860034,-1.7284030467647076,1.971918198438117,1.6271999999999998,1,1.6271999999999998,6.0,inf
1.3301960591048283,0.1540922120796153,0.18749986586341894,2.7260999999999997,1,2.7260999999999997,6.0,inf
1.5786530571202153,-0.9052177077045248,1.4146002265765003,1.0122,1,1.0122,6.0,inf
-0.39456915897688244,0.4511314577504319,-1.0703376294026612,2.9120999999999997,1,2.9120999999999997,6.0,inf
-0.8277516376614229,-1.3623622053550821,-1.3830666960965035,6.0,0,8.0001,6.0,inf
0.889344350731057,1.1135800072963935,-0.64000710640964,0.7565999999999999,1,0.7565999999999999,6.0,inf
0.5105559149312162,-0.33821926935385555,-0.7573340403682361,4.546799999999999,1,4.546799999999999,6.0,inf
0.2490759374277227,-1.1059481549531867,0.8271388866557658,2.1854999999999998,1,2.1854999999999998,6.0,inf
-0.908239331588149,-1.798508251167642,-1.1275769142472496,6.0,0,8.0001,6.0,inf
0.6449507066562816,-0.5134266882096922,0.15952694613950694,2.7354,1,2.7354,6.0,inf
0.8722068532024574,-1.7490306200654915,-0.6954468165279215,4.029299999999999,1,4.029299999999999,6.0,inf
-1.7847916074881127,-0.4915734398493558,1.6535164599644108,0.6557999999999999,1,0.6557999999999999,6.0,inf
1.0174393331492972,1.4616250394126782,-0.40863589816510704,2.1393,1,2.1393,6.0,inf
-0.07279974207506149,0.5369616671389374,1.1428566968695772,0.35819999999999996,1,0.35819999999999996,6.0,inf
-0.7434952004482465,0.11249368245175514,0.22202443244436312,3.1466999999999996,1,3.1466999999999996,6.0,inf
-1.5770707519558578,-0.8236621890310114,0.1709811177880449,1.0734,1,1.0734,6.0,inf
-0.3417793054644754,0.8781791003909117,-0.07663956579876746,0.7683,1,0.7683,6.0,inf
-0.06114594768040537,-0.32844358173331883,0.7019903927894872,1.1961,1,1.1961,6.0,inf
-0.3747911359830227,0.7889052992027525,-0.2032768159091551,4.2828,1,4.2828,6.0,inf
-1.2043813104854644,0.7105766654690187,-0.52232711894283,0.8003999999999999,1,0.8003999999999999,6.0,inf
-1.1953372761986167,1.1714979944790807,-0.9834090988310928,3.4928999999999997,1,3.4928999999999997,6.0,inf
0.7054006714715072,-0.855069996199156,0.06821048302897409,0.6648,1,0.6648,6.0,inf
0.047717759119236355,-0.5684837178423683,0.15774992114440736,2.8598999999999997,1,2.8598999999999997,6.0,inf
0.28460898445219074,0.9949963732328223,-0.7690044028297992,5.4459,1,5.4459,6.0,inf
0.6290704042713289,-1.3603853744952872,-2.1838061327262124,1.4868,1,1.4868,6.0,inf
0.7176203855911495,1.105543811064563,0.4074809907453156,0.47279999999999994,1,0.47279999999999994,6.0,inf
1.7351288255855741,-1.5798798667777687,-0.25600936789728634,3.6515999999999997,1,3.6515999999999997,6.0,inf
-0.07132293523253928,0.7831605435170642,-1.13507125248541,4.1769,1,4.1769,6.0,inf
-0.2594543300438952,-1.390098324880969,-0.9516225080720342,4.787699999999999,1,4.787699999999999,6.0,inf
-0.958245323330575,-0.34847805379865054,0.12239117967166083,6.0,0,6.2360999999999995,6.0,inf
0.2494347911811085,0.7675969047446334,1.4953433037200676,0.7785,1,0.7785,6.0,inf
0.2644711801377364,-0.020590972473154997,-0.6868260830072859,2.3495999999999997,1,2.3495999999999997,6.0,inf
-0.7597485546982828,-1.1776356023077426,-0.6591623257494467,5.979299999999999,1,5.979299999999999,6.0,inf
-0.03252294487587042,0.9973082403418783,0.11376965360215391,2.2872,1,2.2872,6.0,inf
-0.018055083353823248,-0.7469202193442457,-0.8185804758496992,3.9626999999999994,1,3.9626999999999994,6.0,inf
3.6644468631668214,0.8176691391974072,0.8297222214826099,0.966,1,0.966,6.0,inf
-0.5105178194576714,-0.9380177438519086,-0.6590079378087469,6.0,0,6.9605999999999995,6.0,inf
1.2460322419563814,2.477819220489677,1.152522181103654,0.3339,1,0.3339,6.0,inf
0.40658745808193825,0.14053086591263314,0.6685551740009076,4.573499999999999,1,4.573499999999999,6.0,inf
-0.0917578410402191,0.8405078825769808,0.5913647750661206,1.2113999999999998,1,1.2113999999999998,6.0,inf
0.4082240966626889,0.664051076555315,-0.8591594693330205,1.3034999999999999,1,1.3034999999999999,6.0,inf
0.3584046464660922,-0.6990381618580199,-0.8335214907612899,4.2222,1,4.2222,6.0,inf
-0.03180264480253405,1.035323884542253,0.21919769517091683,3.6809999999999996,1,3.6809999999999996,6.0,inf
-0.24947858283349625,-0.13492356123241428,-1.338029591725732,4.4421,1,4.4421,6.0,inf
-0.3744463205635774,-1.2989603875610578,-0.20474747632035764,5.664599999999999,1,5.664599999999999,6.0,inf
-0.38555276088195156,1.2924170127187273,0.5665256101727199,4.5408,1,4.5408,6.0,inf
0.2790563133310386,-0.9031148690086204,-1.0779840788941453,5.3538,1,5.3538,6.0,inf
-0.11798553021024336,1.3605568500037577,1.170915997430554,1.5659999999999998,1,1.5659999999999998,6.0,inf
0.9639540177294917,-0.8420371044982428,-3.662347254328097,3.2903999999999995,1,3.2903999999999995,6.0,inf
1.3795075436424549,0.23904177917157995,2.908967093281489,0.7589999999999999,1,0.7589999999999999,6.0,inf
-0.05543338223999065,-1.7046385847877386,0.6283950655364521,1.0640999999999998,1,1.0640999999999998,6.0,inf
-0.29841157129806317,-0.2257795143527858,-0.16461052158250294,6.0,0,7.649699999999999,6.0,inf
1.3199758549471072,1.9172509165644978,0.7171882966262472,1.1094,1,1.1094,6.0,inf
-0.07070791434361312,-0.3098610531575427,-1.0825877131829804,4.150799999999999,1,4.150799999999999,6.0,inf
0.21024623201790868,0.1492758043445265,-1.3242602604088836,4.7772,1,4.7772,6.0,inf
-0.38505290035938516,0.8547362862732886,0.7623095395490302,1.5662999999999998,1,1.5662999999999998,6.0,inf
0.133409869683759,0.5702838617228378,1.2132103591460213,0.38249999999999995,1,0.38249999999999995,6.0,inf
1.2941078571413573,1.6755898341340216,-0.2611402764287925,0.24419999999999997,1,0.24419999999999997,6.0,inf
0.895503667795105,1.3214625265565427,-0.24907573535763905,0.0435,1,0.0435,6.0,inf
-1.0923831591072934,-0.34379648938052865,-0.6355882808948573,4.0127999999999995,1,4.0127999999999995,6.0,inf
-0.8508209949401315,0.4519231803441143,-0.02464829593650106,0.9776999999999999,1,0.9776999999999999,6.0,inf
-0.40767627009555096,-2.559252665628354,-1.319917535940188,6.0,0,7.3934999999999995,6.0,inf
-0.3026114888058612,1.5683366784786226,-1.799943277680884,0.5741999999999999,1,0.5741999999999999,6.0,inf
0.701305713264444,1.1254790854241874,-0.020362647378765232,0.9998999999999999,1,0.9998999999999999,6.0,inf
-2.129890888800079,-0.05956052107187233,-0.5096674710961948,6.0,0,8.0001,6.0,inf
1.2893576133847784,0.23575075712632543,1.3994803334709878,1.0982999999999998,1,1.0982999999999998,6.0,inf
-1.1491045549445353,1.3158832465426604,-0.20780967840254091,2.1858,1,2.1858,6.0,inf
1.0378197272566023,-0.7829131892820804,0.8890349575812972,0.813,1,0.813,6.0,inf
-1.259569515328055,0.8545545399418141,-0.28347328716949377,1.8443999999999998,1,1.8443999999999998,6.0,inf
-0.20534690747592366,-1.514811858900515,-0.3443405947746912,3.3995999999999995,1,3.3995999999999995,6.0,inf
0.8652930062337041,1.0419727343628065,-0.7306878889419605,1.9370999999999998,1,1.9370999999999998,6.0,inf
0.03591078555245118,-1.714397622723999,-1.42161097311614,4.7649,1,4.7649,6.0,inf
1.1689840731471817,-1.1113446732244558,-1.7114652773932149,3.5079,1,3.5079,6.0,inf
2.5106376183990555,-1.3863963073490437,0.8945970731954377,2.1315,1,2.1315,6.0,inf
-0.5181578277331043,-0.3129586984024152,-0.2396477288114809,6.0,0,7.998899999999999,6.0,inf
-0.9741870304746704,0.12915661938084344,0.7110844661421809,1.8851999999999998,1,1.8851999999999998,6.0,inf
-1.1681869792490671,1.23064630491567,0.22674705218630262,0.8867999999999999,1,0.8867999999999999,6.0,inf
-1.5042874999337712,-0.22315731024716043,-2.010457402180023,3.3495,1,3.3495,6.0,inf
-0.2726763586503001,-0.717015657415245,-1.2629488345822895,3.0915,1,3.0915,6.0,inf
-1.5988029776467976,0.20780260853981877,-0.06533923587767543,0.5418,1,0.5418,6.0,inf
-2.6517668861916897,1.4713442623272506,0.21926715904723582,0.08099999999999999,1,0.08099999999999999,6.0,inf
-0.6487134974135821,0.011335608466074763,-0.5347339055895839,1.0026,1,1.0026,6.0,inf
1.6070588135782902,0.9165563880632437,0.7510852961545967,1.6694999999999998,1,1.6694999999999998,6.0,inf
0.2631783373741456,0.7696948403832399,2.647422329637098,1.7540999999999998,1,1.7540999999999998,6.0,inf
-1.2920880073952237,-0.6319170053286559,1.3052768208512073,1.8417,1,1.8417,6.0,inf
-0.8836311856355369,1.2296161508946453,-0.013710206042645865,1.5797999999999999,1,1.5797999999999999,6.0,inf
0.8018790991939675,-0.12564559092691022,-0.8295584014094679,2.2998,1,2.2998,6.0,inf
0.20195358021218793,0.929774438129719,1.3637156841406413,0.9704999999999999,1,0.9704999999999999,6.0,inf
-0.41704985776082437,1.02787609286715,1.9272288685620438,1.0788,1,1.0788,6.0,inf
1.1162067277831447,0.3979414958574467,0.08751409303415535,0.8993999999999999,1,0.8993999999999999,6.0,inf
0.29468291902618404,0.1493324312770683,-0.4059713614922057,0.8801999999999999,1,0.8801999999999999,6.0,inf
-0.39514567744861334,0.3739928588034814,-0.27342047868247965,2.9690999999999996,1,2.9690999999999996,6.0,inf
-0.008774798504213473,-1.0285272380182828,0.4598349786357962,2.0601,1,2.0601,6.0,inf
0.30606902498587296,1.5240017614411465,0.42252855590613647,2.1738,1,2.1738,6.0,inf
1.2717324946977369,0.7800473096930951,-0.10966198042012597,2.0873999999999997,1,2.0873999999999997,6.0,inf
-1.087568642800357,-1.5863966885657785,-0.3924692487544977,5.516699999999999,1,5.516699999999999,6.0,inf
-0.14018431951189092,0.14482095912757612,-1.2725923177465714,0.3852,1,0.3852,6.0,inf
-0.2969305326327726,-1.1212968516580697,-0.9484245958244215,6.0,0,6.3462,6.0,inf
-2.0103125917718425,2.2668416869558707,0.29378438286840747,1.5665999999999998,1,1.5665999999999998,6.0,inf
-0.6780830436760575,-0.6355855186395681,0.5227980578079459,6.0,0,6.152399999999999,6.0,inf
-1.609773856940036,-0.3817588761643255,1.3303002885711208,4.9815,1,4.9815,6.0,inf
0.10144262859687435,0.7167761384288437,0.5405044751966459,5.454599999999999,1,5.454599999999999,6.0,inf
-0.20478531214860612,0.22740941035614884,-1.524740181538756,6.0,0,8.0001,6.0,inf
0.2770382368684387,-0.1518750556457114,0.0809034695158655,3.9476999999999998,1,3.9476999999999998,6.0,inf
0.24773729807809344,-0.7539891096570255,0.30070099081947216,1.1447999999999998,1,1.1447999999999998,6.0,inf
-1.6233601437341758,1.10143891305695,-0.7948630642603188,6.0,0,7.3709999999999996,6.0,inf
-0.02757269769386897,-0.35213063194124716,0.8791480262643478,3.9134999999999995,1,3.9134999999999995,6.0,inf
0.43247229755306527,-0.03631789357961412,-0.5146140472854338,3.8318999999999996,1,3.8318999999999996,6.0,inf
0.9187417078825537,-1.5672262389747411,-0.04227058155191038,2.0987999999999998,1,2.0987999999999998,6.0,inf
0.005041236501844569,-0.6006552197951629,0.6076349400757505,0.4629,1,0.4629,6.0,inf
-0.6133980827475672,0.37801141294367047,-1.7796521742464824,0.09899999999999999,1,0.09899999999999999,6.0,inf
0.2225294764889678,0.2925411241353246,1.9650014626051362,1.1384999999999998,1,1.1384999999999998,6.0,inf
1.3178031520007336,-0.6835098618175622,-0.5650565587287733,4.0790999999999995,1,4.0790999999999995,6.0,inf
0.2191777128681314,0.3000396727219986,-0.3811810972555927,3.7892999999999994,1,3.7892999999999994,6.0,inf
-1.704509155028063,0.014971710379964802,-0.6795799578741737,6.0,0,7.142399999999999,6.0,inf
0.48042078540550526,-1.7114575425597571,0.4055380373217855,2.4800999999999997,1,2.4800999999999997,6.0,inf
0.027539561405424698,-0.11992441227249198,1.7033733602732157,2.7603,1,2.7603,6.0,inf
0.0007693485585583023,0.013568832780452145,0.92909993493378,1.7411999999999999,1,1.7411999999999999,6.0,inf
-0.4313454182528355,0.8771635250816493,1.4467704660414353,1.0914,1,1.0914,6.0,inf
0.024515726656635886,-0.4926062217358799,-1.6976671174299844,4.5057,1,4.5057,6.0,inf
0.08449088577123628,-0.1760609322148825,-0.9504426044118816,0.35819999999999996,1,0.35819999999999996,6.0,inf
-1.4470885768094017,1.267834087099912,-0.11400825380615104,4.106999999999999,1,4.106999999999999,6.0,inf
0.7857736291493461,0.15954586194883222,1.6608285559376186,1.0131,1,1.0131,6.0,inf
-0.30763992847047683,0.4177808790031572,-0.22388957185720965,3.8802,1,3.8802,6.0,inf
-0.1459473656195811,0.3942901867056511,-0.20405128877217155,3.6539999999999995,1,3.6539999999999995,6.0,inf
-0.4056227853018739,1.0337205916687358,-0.6618499042804746,1.5899999999999999,1,1.5899999999999999,6.0,inf
1.405319643170401,-0.4385328402836184,-0.045201862748631486,0.5709,1,0.5709,6.0,inf
1.0090879151365315,-0.21689096600121463,0.9150200323122368,0.28709999999999997,1,0.28709999999999997,6.0,inf
1.4558614473775742,-0.6708246290575006,0.20210284309833815,2.2803,1,2.2803,6.0,inf
-0.32326162215707305,-1.6869546892500298,0.5188382860325973,4.6107,1,4.6107,6.0,inf
-1.3903774118497045,-0.6832023775349225,-2.030630917061765,6.0,0,8.0001,6.0,inf
-0.3066233538958806,-2.6243466755876743,0.6528582538233456,5.653499999999999,1,5.653499999999999,6.0,inf
1.1066397247481157,0.944348424238295,-0.12994419866843074,2.0627999999999997,1,2.0627999999999997,6.0,inf
1.2416056021135218,-1.311935961072888,0.4932335627517693,2.682,1,2.682,6.0,inf
-0.8728841857040776,-0.24081845744569966,0.7194014892600415,1.7025,1,1.7025,6.0,inf
1.2509047136118323,-0.5001195119968423,0.17532009841105378,0.9536999999999999,1,0.9536999999999999,6.0,inf
-1.4440269523383906,0.23106137783310504,-0.8026815133096685,6.0,0,8.0001,6.0,inf
-0.11984725023016177,-3.1928710416003763,-1.1227365101755016,6.0,0,7.934699999999999,6.0,inf
0.0895032621528918,0.7304557245689473,-0.31906952416714424,1.7471999999999999,1,1.7471999999999999,6.0,inf
1.4672091097549205,1.042931999396026,-2.697323951424044,3.2274,1,3.2274,6.0,inf
-1.895813915081877,0.9563646699800852,-0.48848924023156265,1.4108999999999998,1,1.4108999999999998,6.0,inf
-1.4975180718566041,-0.5765935008085235,0.14787858101763285,0.31289999999999996,1,0.31289999999999996,6.0,inf
-2.3262544400607776,-0.0940631266673735,-1.7813908691338975,4.582199999999999,1,4.582199999999999,6.0,inf
-1.033246663792736,1.4281602667101918,0.6232214843830765,2.9042999999999997,1,2.9042999999999997,6.0,inf
-2.064676588090128,-0.3078334691359374,0.6671764093425999,4.617,1,4.617,6.0,inf
0.34520500766516565,1.2604146472235254,-1.648383847470007,0.2163,1,0.2163,6.0,inf
-1.2155037063128245,0.261024049172003,-0.5360532498955365,1.4909999999999999,1,1.4909999999999999,6.0,inf
-0.7431239151099022,-0.42086280319935504,0.23969312424503528,0.5736,1,0.5736,6.0,inf
2.0163351858200227,-1.0226029880387772,-0.06471312832401606,4.3404,1,4.3404,6.0,inf
0.427424666348356,0.3084711027835698,0.05142900928632563,1.3463999999999998,1,1.3463999999999998,6.0,inf
-0.6042445613299547,-0.5066146225142704,0.14297319512045192,1.2906,1,1.2906,6.0,inf
0.48561969472004135,1.6637865041435844,-0.33829493944841255,0.6465,1,0.6465,6.0,inf
0.577230225485938,0.7556605235568458,-0.08023982080990172,0.15749999999999997,1,0.15749999999999997,6.0,inf
1.1463294319813098,-0.9602914817090653,1.688038828945231,1.2468,1,1.2468,6.0,inf
-0.7870765657410898,0.5177636877593824,0.4293584474581586,0.045899999999999996,1,0.045899999999999996,6.0,inf
0.21620941542157102,-0.5685914383365932,0.6301081845490503,3.1241999999999996,1,3.1241999999999996,6.0,inf
-0.054149364287197306,-0.3870656119852662,-0.36048366282639194,3.3743999999999996,1,3.3743999999999996,6.0,inf
-0.14174988607379663,0.20603507416109473,0.636525359289684,1.0298999999999998,1,1.0298999999999998,6.0,inf
-0.4759850742687865,-0.6475953457963705,0.5292691860995525,6.0,0,7.257599999999999,6.0,inf
0.7892432691675643,0.0013763133159311028,0.11440139334619584,1.7825999999999997,1,1.7825999999999997,6.0,inf
0.7041225897147202,1.2799308819942927,-0.9803432711584669,0.6932999999999999,1,0.6932999999999999,6.0,inf
-1.6209012011917387,0.6397006524782459,-1.3569475614764184,3.3629999999999995,1,3.3629999999999995,6.0,inf
-0.7580988622187448,-0.09724181965909764,0.4501313005366106,1.8041999999999998,1,1.8041999999999998,6.0,inf
-0.144801624694818,1.0250206930587145,1.6363383031901124,0.6224999999999999,1,0.6224999999999999,6.0,inf
0.7626288994935229,1.9999906085866865,-0.15925333926376536,1.3209,1,1.3209,6.0,inf
0.20006912121616396,1.1711962747160565,-1.144231832446305,3.5372999999999997,1,3.5372999999999997,6.0,inf
0.835017737586814,0.02006717626563609,0.8171609107180317,1.6409999999999998,1,1.6409999999999998,6.0,inf
-0.22887477284515623,0.7537755101265926,0.45822043313875943,3.7358999999999996,1,3.7358999999999996,6.0,inf
-0.5585102736092278,-0.2074988323435383,-0.5691436985506424,5.5065,1,5.5065,6.0,inf
0.16062183484493614,-0.19386625597988294,1.3942805667270146,3.0062999999999995,1,3.0062999999999995,6.0,inf
1.312902596583739,-0.27594043257188006,-1.0715109328320245,2.2910999999999997,1,2.2910999999999997,6.0,inf
-0.6911734441599569,1.4865500814704538,-0.06044117178175661,0.9107999999999999,1,0.9107999999999999,6.0,inf
-0.4251930851115028,0.5523979172300144,1.5567503380917331,1.5824999999999998,1,1.5824999999999998,6.0,inf
-0.7497217273757006,1.308781223819241,-1.2126159571552406,0.6752999999999999,1,0.6752999999999999,6.0,inf
-0.13833416695725972,1.8004381976589774,0.6431051585203249,0.39299999999999996,1,0.39299999999999996,6.0,inf
0.9437614406986269,-0.44651626330671895,0.5820648111271405,2.6336999999999997,1,2.6336999999999997,6.0,inf
-0.03029095633729305,-1.1142216926212631,-1.8424837653044677,5.6244,1,5.6244,6.0,inf
-0.21056041595207697,-0.5290188480049764,0.21177593359327707,2.0322,1,2.0322,6.0,inf
-0.4157720688028267,0.9613142765571671,-0.4898103807369793,0.8964,1,0.8964,6.0,inf
-1.234052275838963,1.7188452179381961,0.010148673499916527,6.0,0,8.0001,6.0,inf
-0.3058744416474239,-0.12525133889070575,-0.763592506900948,6.0,0,7.009199999999999,6.0,inf
-2.8784403921857873,1.1829244175356204,0.4039608871445028,6.0,0,8.0001,6.0,inf
0.20854830231969224,-0.8865549040707598,-0.5617162933551333,5.3889,1,5.3889,6.0,inf
-0.6154429744490253,-0.3184414882476714,0.3124376740759306,6.0,0,8.0001,6.0,inf
0.4878869376286217,1.5026289642932016,-0.4971787516499588,0.7827,1,0.7827,6.0,inf
-0.0020992315464827185,-0.3439050243970017,0.6071057912890384,6.0,0,6.7932,6.0,inf
-0.0777280603570049,0.3806128753226338,-2.3075271206712,4.1598,1,4.1598,6.0,inf
-0.8629290032010011,0.23012006616390748,0.7553365510297768,2.832,1,2.832,6.0,inf
0.9039117027428417,-0.5493256372843552,0.7109610729575991,1.9665,1,1.9665,6.0,inf
0.8592830406743345,-0.6317424825638678,0.163748969668356,4.775099999999999,1,4.775099999999999,6.0,inf
-1.314778290354329,-0.6538553056069861,0.27505830166147277,1.2455999999999998,1,1.2455999999999998,6.0,inf
0.09045273625139141,0.15895953869828075,-0.4599457855263854,4.0371,1,4.0371,6.0,inf
1.5009695850043872,-0.5763537670256733,0.8778307657359539,1.3082999999999998,1,1.3082999999999998,6.0,inf
0.15621948093757823,0.26117338493438713,0.79852291966971,1.4969999999999999,1,1.4969999999999999,6.0,inf
-0.9699360703360527,-0.5798741596278624,-0.9406707312907252,4.868399999999999,1,4.868399999999999,6.0,inf
-1.9028153942811967,1.0913885774537933,-0.7870869515243447,4.361999999999999,1,4.361999999999999,6.0,inf
1.3455033424213936,-0.8197526696811102,0.17449681099681294,3.0908999999999995,1,3.0908999999999995,6.0,inf
-1.3574406093103364,-0.6110026638198689,1.7204021733638617,6.0,0,8.0001,6.0,inf
-2.0270391556905585,-2.5643663084027097,0.16513285886819606,6.0,0,8.0001,6.0,inf
1.0093002565173825,-0.15481153138899556,0.3541821386932515,1.146,1,1.146,6.0,inf
0.540948114057016,-2.3154146087014986,1.2519487186542602,4.4681999999999995,1,4.4681999999999995,6.0,inf
0.011368827911730465,-0.3239336292277852,0.5984954642731243,3.9605999999999995,1,3.9605999999999995,6.0,inf
0.3473154811021307,0.1722604896475776,0.014816493108906073,0.294,1,0.294,6.0,inf
-0.13758442754761727,0.6113162456317021,0.006702897663010928,1.2638999999999998,1,1.2638999999999998,6.0,inf
0.45791684834067636,-0.2526886043194084,0.04311896017583919,4.4586,1,4.4586,6.0,inf
0.03401403405182803,0.7164272916839939,-1.9714146392252685,2.5776,1,2.5776,6.0,inf
0.16757005356339885,1.1191385141856864,-0.06008062830488383,0.26789999999999997,1,0.26789999999999997,6.0,inf
-0.009647924382786794,-0.544128683962872,-0.7084612475823014,2.1384,1,2.1384,6.0,inf
0.5125229362999921,0.20636310906881772,0.36684560720797815,3.1923,1,3.1923,6.0,inf
-0.7151930813634026,1.3357161915419544,-1.6538397452366342,3.6032999999999995,1,3.6032999999999995,6.0,inf
0.14025051955788673,0.2966559022902743,1.3338128819096255,2.2298999999999998,1,2.2298999999999998,6.0,inf
-1.7751146347574154,-0.32541691371133386,-1.233423326235869,0.6171,1,0.6171,6.0,inf
-0.4637261155740448,-1.0498110595179067,0.4926559870293469,1.0940999999999999,1,1.0940999999999999,6.0,inf
1.1726280681226056,0.4123127085823245,-1.064000343523632,5.348999999999999,1,5.348999999999999,6.0,inf
-0.14781898919245162,-0.411202805998209,-1.8441211557170076,0.3444,1,0.3444,6.0,inf
-0.589584969436878,0.12706598257961577,0.5609760800844986,3.3867,1,3.3867,6.0,inf
-0.3968322816776897,-0.47873487712310425,0.09364595638450247,4.269299999999999,1,4.269299999999999,6.0,inf
0.6682118263353878,-2.653079437451262,0.5701553649936575,2.4534,1,2.4534,6.0,inf
-0.8194639645199984,-0.27438066331821054,-1.4960612876754935,6.0,0,8.0001,6.0,inf
1.6763133708773201,-1.9777599349292112,0.10542541175205873,3.5306999999999995,1,3.5306999999999995,6.0,inf
0.03417025310083739,0.5030393105732407,-0.3981738441907009,0.8301,1,0.8301,6.0,inf
0.3677235167226961,-1.152295537790764,0.8011810675979307,2.0664,1,2.0664,6.0,inf
2.1398568032340832,-0.16187997302772658,-0.24513689383786957,1.1319,1,1.1319,6.0,inf
2.007501434552999,0.25275945520689624,-0.3355445133307159,0.8978999999999999,1,0.8978999999999999,6.0,inf
-0.5325960785852263,0.5184631877026739,-0.8345122509406686,6.0,0,8.0001,6.0,inf
-0.6837747402422376,-1.7449912583067706,-0.0014097681793012907,6.0,0,6.468299999999999,6.0,inf
-0.34054523944835496,0.7653069214716833,0.004711716098273696,1.1078999999999999,1,1.1078999999999999,6.0,inf
0.15646670312409391,-1.6079485520506893,-0.7144458984550497,5.774399999999999,1,5.774399999999999,6.0,inf
1.1599672664868506,-0.64735920382703,0.06693098616804219,2.5479,1,2.5479,6.0,inf
-0.7920846905492942,0.6906837632311804,-0.807434469729787,0.9557999999999999,1,0.9557999999999999,6.0,inf
0.006809770138574667,-0.3119962039139463,-1.2870316874703995,6.0,0,6.2909999999999995,6.0,inf
-1.2883131793096005,-1.2394577880514055,1.551410946810863,4.3308,1,4.3308,6.0,inf
1.4139365149073493,-0.7490088216599433,-1.2482296691454906,2.6696999999999997,1,2.6696999999999997,6.0,inf
1.2198592655994551,3.0888643876722646,0.07209231924605682,0.27149999999999996,1,0.27149999999999996,6.0,inf
-2.3248760182260177,0.7527837431382123,1.1359689712667815,3.5039999999999996,1,3.5039999999999996,6.0,inf
0.18769114656878924,0.9471150465034682,-0.6026387359367269,1.7681999999999998,1,1.7681999999999998,6.0,inf
-0.2594578525628494,-2.1026685679147468,0.6313582712878748,4.0691999999999995,1,4.0691999999999995,6.0,inf
0.1451047829177235,-0.4054202934417321,-0.5783798330227374,1.0083,1,1.0083,6.0,inf
0.23274928304127276,0.7450098750970308,0.8394300123320461,0.8049,1,0.8049,6.0,inf
-0.04560893140852165,1.9256862081301764,-0.4557679687511782,0.19079999999999997,1,0.19079999999999997,6.0,inf
0.45603496790272346,-0.1359146291870629,-0.9753639070794068,3.3272999999999997,1,3.3272999999999997,6.0,inf
-0.2338826882793222,-1.5709802765983523,1.1067664185970791,4.5264,1,4.5264,6.0,inf
1.292213411597269,-0.7474411510465468,0.4693925993009126,1.7450999999999999,1,1.7450999999999999,6.0,inf
1.0198324585170975,0.3453936643835223,-1.2845617419400666,1.8798,1,1.8798,6.0,inf
-2.4031026730975014,-1.1892029433387112,-0.021448571813044087,1.626,1,1.626,6.0,inf
0.991370845940923,0.10749735062504971,-0.46326246625498607,1.0887,1,1.0887,6.0,inf
0.07748753823171448,-0.6295086195656909,1.6802666487533278,1.0869,1,1.0869,6.0,inf
-1.208001846376989,-0.9069102259271091,-1.3655644282444588,6.0,0,8.0001,6.0,inf
-0.40241335110318854,-0.09972230186165132,1.7169420377878328,2.8880999999999997,1,2.8880999999999997,6.0,inf
0.3561753820844107,1.3124855841297431,-0.7146310198052376,0.8694,1,0.8694,6.0,inf
1.1185644719047205,0.36645887372358,1.2786172038340982,1.3578,1,1.3578,6.0,inf
1.2198569733017794,-2.5210020270888793,1.5262212161227284,2.7506999999999997,1,2.7506999999999997,6.0,inf
-0.41192143496653544,0.8241809164482339,0.3027064724698466,6.0,0,8.0001,6.0,inf
-0.20367185709099372,-1.7953877934837281,0.1964265381461087,4.5378,1,4.5378,6.0,inf
1.1363689007582969,1.0289843731407418,0.22390603979982784,0.7112999999999999,1,0.7112999999999999,6.0,inf
0.0877393042484231,0.04678836190294869,-0.5728967810954939,0.8456999999999999,1,0.8456999999999999,6.0,inf
-0.39605047185371745,-1.2605532446475107,0.3446677545661779,4.0215,1,4.0215,6.0,inf
-2.1118470433478307,-0.10060514821620348,-0.2611829322172554,3.6500999999999997,1,3.6500999999999997,6.0,inf
0.5689070712603027,-0.6986742664301479,0.798116639108132,2.9543999999999997,1,2.9543999999999997,6.0,inf
0.32261931528423976,-2.0886143745907337,-0.026143649456299656,2.6822999999999997,1,2.6822999999999997,6.0,inf
-0.41501727140291916,-1.4712080767242315,0.5075513230256081,3.4202999999999997,1,3.4202999999999997,6.0,inf
-0.04336152598340679,-1.8715821823835421,-0.5496130873269843,5.5386,1,5.5386,6.0,inf
-1.6150177280374818,0.8178332587305732,1.7362733841169187,1.6007999999999998,1,1.6007999999999998,6.0,inf
0.47158504526902945,-0.3827618395526584,1.0351494499527354,0.3075,1,0.3075,6.0,inf
1.3665167001236336,-0.17965213282767808,1.3168691422913996,1.545,1,1.545,6.0,inf
1.0725522010291477,1.2395673638563978,-0.15529240490972002,1.2590999999999999,1,1.2590999999999999,6.0,inf
-0.9339764948426346,0.8536005655004199,0.3704826986609438,2.1498,1,2.1498,6.0,inf
-0.7563982736675238,-0.5013655785707328,0.8667687173389723,1.2624,1,1.2624,6.0,inf
-0.5799110916793047,-1.5780554754412393,0.3439894753426305,6.0,0,8.0001,6.0,inf
-0.4729295982334347,-0.6179046202303261,1.9038900718040688,2.1738,1,2.1738,6.0,inf
0.4638225737268943,0.9752142822369553,0.1442387810457065,4.606199999999999,1,4.606199999999999,6.0,inf
0.8687782517170202,0.9343456661906755,-1.6488268653691731,0.5351999999999999,1,0.5351999999999999,6.0,inf
-0.8179765522262765,-0.17870751630232937,-0.7495543056451853,6.0,0,6.664499999999999,6.0,inf
-0.5186348872574418,-1.1650452405157221,-0.30339802773508545,6.0,0,6.387,6.0,inf
-1.2626475277201317,-1.5550031373054167,0.5683179672090133,6.0,0,6.986999999999999,6.0,inf
2.3834541133982636,1.5340124684010357,-0.05678580103213763,0.8289,1,0.8289,6.0,inf
-1.1765800851095531,-0.5831715510245403,0.899595375520963,6.0,0,8.0001,6.0,inf
1.3637290139364728,0.5190224301392745,0.876144879399333,1.6602,1,1.6602,6.0,inf
0.2807309353960897,0.977529947985164,-1.1454071638035763,6.0,0,6.649799999999999,6.0,inf
0.3844682060572042,0.4002816291788227,0.9529660332852141,1.9101,1,1.9101,6.0,inf
0.5071882863269246,0.49971448882543895,-1.3960770532767117,0.5408999999999999,1,0.5408999999999999,6.0,inf
-0.7662241730272605,0.6352406135976317,-0.6545283922994378,3.7842,1,3.7842,6.0,inf
0.9568271922845115,0.4792291573614264,-1.178376376635263,1.1961,1,1.1961,6.0,inf
-1.5523687324547661,-1.410335686417881,0.7037998729661944,6.0,0,7.885199999999999,6.0,inf
-0.34044991668840846,0.4253672308214283,0.1408079863207869,2.0759999999999996,1,2.0759999999999996,6.0,inf
1.2150733309273454,-0.22568855054340164,1.396083356288048,2.4737999999999998,1,2.4737999999999998,6.0,inf
0.22274982923852787,-0.07294727029427574,1.163696094660335,5.6255999999999995,1,5.6255999999999995,6.0,inf
-1.2619268171955722,-0.3269200747854149,-1.4403310282970805,6.0,0,8.0001,6.0,inf
-0.7317470699863169,-2.59997862008027,0.8659317626834878,1.5317999999999998,1,1.5317999999999998,6.0,inf
-0.6566937986269702,0.13876139553326475,0.2528538545143598,0.4221,1,0.4221,6.0,inf
1.7541438628428725,0.7277806443244483,0.38700683862942625,1.8422999999999998,1,1.8422999999999998,6.0,inf
-0.031195656174464615,3.0888969186820687,-0.64713247894453,0.8432999999999999,1,0.8432999999999999,6.0,inf
0.01696033326352194,-2.411453712172633,-1.0940059426770015,6.0,0,8.0001,6.0,inf
0.6492152761853601,0.9326723347756902,-0.4026998976219388,3.9734999999999996,1,3.9734999999999996,6.0,inf
1.1314974212637787,1.372136254339785,-0.6530909394360537,2.1315,1,2.1315,6.0,inf
-0.07549478803013923,-0.9122729600044905,0.07422566119674207,3.2819999999999996,1,3.2819999999999996,6.0,inf
0.20915736894493359,0.6168102027214619,0.7334970422733174,0.9728999999999999,1,0.9728999999999999,6.0,inf
-1.030633152956928,-0.14136163232031776,-1.0660215695046895,5.7231,1,5.7231,6.0,inf
0.05036218819455002,-0.466553549505325,0.6778618799564443,0.9746999999999999,1,0.9746999999999999,6.0,inf
-1.8804900860360594,0.7863095620248663,0.5526154778668069,6.0,0,8.0001,6.0,inf
0.41474390260846344,0.5830348385381902,0.9358044058220439,1.1073,1,1.1073,6.0,inf
0.7375497858862083,-0.5500436930705708,1.0691682889820169,3.5717999999999996,1,3.5717999999999996,6.0,inf
-1.0074474149240484,-0.13214622132091,0.14731528144023606,1.9874999999999998,1,1.9874999999999998,6.0,inf
-0.5812025247239853,0.33109427751990667,-0.9123134615781062,5.1309,1,5.1309,6.0,inf
-0.6734971414312305,0.5907687302604951,0.002492977566172188,0.8144999999999999,1,0.8144999999999999,6.0,inf
-1.5850434803989393,0.5469085195340802,-2.71088741442241,4.9689,1,4.9689,6.0,inf
0.9255991348332762,1.6230360278368492,1.2812841835849698,0.2925,1,0.2925,6.0,inf
-0.8277951176041254,-0.29502741268362664,0.4281933460861768,6.0,0,8.0001,6.0,inf
-1.448379584495482,-0.6640319069472721,-0.7387814295502022,4.5402,1,4.5402,6.0,inf
-0.5221451182481083,-0.09734842903291328,1.3446744114216573,1.3287,1,1.3287,6.0,inf
0.6253269625816057,-0.7315106296632514,1.4423241826294155,2.1605999999999996,1,2.1605999999999996,6.0,inf
-0.6712577868269431,1.3208840247946438,1.4567884752893339,0.7272,1,0.7272,6.0,inf
0.3183691881450206,0.9100394339178542,0.08814093812238476,3.0936,1,3.0936,6.0,inf
-0.1341262465720191,0.6399868372915791,-0.24663258549190378,3.9380999999999995,1,3.9380999999999995,6.0,inf
-0.1367794110850365,-2.260893100660986,-1.4625008412667877,5.7264,1,5.7264,6.0,inf
0.07811902917124934,0.36394166393847505,-0.8922943239329025,1.2572999999999999,1,1.2572999999999999,6.0,inf
1.209658176557514,-1.0081564998322032,0.7354375952706864,3.1094999999999997,1,3.1094999999999997,6.0,inf
1.2343591499500648,-1.2240941549899576,0.7766725136687785,1.4745,1,1.4745,6.0,inf
0.8674137494491752,-1.0661558300489822,-0.05451317568103655,2.3255999999999997,1,2.3255999999999997,6.0,inf
0.13789792898913023,-1.9007912481807308,-0.1965976817005606,3.2769,1,3.2769,6.0,inf
-0.45851740695660526,-0.6050606384627675,2.2395061776730296,2.2893,1,2.2893,6.0,inf
-0.8546865971577927,-0.9328024817931926,0.042025639589487476,0.9672,1,0.9672,6.0,inf
1.9162131898292551,1.7603876398330423,0.08374949773041268,1.6539,1,1.6539,6.0,inf
1.018289163130691,-0.3318143436944394,-1.5157174260065494,4.2405,1,4.2405,6.0,inf
-0.15625606730951314,-2.4822825587749593,0.5067328781778604,3.6834,1,3.6834,6.0,inf
0.4921207536604711,-0.9496987312098564,-2.451522534111276,3.0027,1,3.0027,6.0,inf
0.34946895094712194,-0.6802051507283476,-0.2393201604068995,3.2066999999999997,1,3.2066999999999997,6.0,inf
1.5835411997312354,0.5749059783672567,1.0702349016048847,0.16349999999999998,1,0.16349999999999998,6.0,inf
1.4988125713049467,-0.5049238157956235,-0.7324033924733281,3.0738,1,3.0738,6.0,inf
-2.224784781024564,0.7797351174776729,0.2007507407126744,3.5685,1,3.5685,6.0,inf
1.0858523518282917,-1.2206949212000502,-0.4319416990107287,0.6807,1,0.6807,6.0,inf
-0.3000450143431708,-0.48867579816940987,1.0897790708440593,1.6508999999999998,1,1.6508999999999998,6.0,inf
0.020535212789030904,0.137193780010059,0.8780730808586096,2.0721,1,2.0721,6.0,inf
-1.0922337192697447,-2.4105657267240894,0.1480683165445915,6.0,0,8.0001,6.0,inf
-0.5574413535804843,-1.1992979163638477,1.1148619447251698,6.0,0,8.0001,6.0,inf
-0.42054834472192276,0.014065501783453399,0.5910406963971448,1.2494999999999998,1,1.2494999999999998,6.0,inf
0.5906585035537714,-1.5740497843816172,1.9872470891418237,0.9101999999999999,1,0.9101999999999999,6.0,inf
-0.7943354479993928,-1.8351374472592235,-1.1726343490857631,6.0,0,6.1926,6.0,inf
-1.7001966138555296,-0.8827948588143538,0.6936888450954537,1.8128999999999997,1,1.8128999999999997,6.0,inf
-0.1402336270298808,2.183002250872175,0.6806364689286978,1.5908999999999998,1,1.5908999999999998,6.0,inf
-0.46806457990811495,0.7466116508228151,1.0950169242990841,1.1627999999999998,1,1.1627999999999998,6.0,inf
-0.528250199425659,-0.5433203679165995,-0.4059378956620538,1.515,1,1.515,6.0,inf
0.30697011191945384,-0.15459776049223556,-0.7830291826606054,3.1340999999999997,1,3.1340999999999997,6.0,inf
-1.6550795768121047,-0.17628497526715214,0.4739044361794084,1.6335,1,1.6335,6.0,inf
-1.9650562739730035,0.020883234047836152,0.013078555111746396,1.3755,1,1.3755,6.0,inf
0.12159876235093241,-0.3859394186458928,-0.2551035981544248,0.1308,1,0.1308,6.0,inf
0.41729396227762805,0.4448581791194026,0.973963337852321,1.005,1,1.005,6.0,inf
0.9340681547107871,-0.10798269134515909,0.20765090705281666,2.8337999999999997,1,2.8337999999999997,6.0,inf
0.22886745481413237,1.9304964168230285,1.2689210889989686,1.3259999999999998,1,1.3259999999999998,6.0,inf
1.2993680929386553,0.12457305212567428,-0.4438467573146864,0.6335999999999999,1,0.6335999999999999,6.0,inf
-0.6104076001925152,-0.18346409320510731,0.9720738372135308,2.0376,1,2.0376,6.0,inf
1.6930462632606675,-0.7121462957969167,0.0059664333609437395,2.3247,1,2.3247,6.0,inf
1.6250445479550206,-0.08496066217287522,-0.741097536750551,2.1087,1,2.1087,6.0,inf
0.2705811375790506,-0.05538468499405507,0.8240764554192996,2.7798,1,2.7798,6.0,inf
-0.060888457634056085,1.1198026384450162,-1.1406674781598796,4.5789,1,4.5789,6.0,inf
-0.7588840251752674,0.6770358720420446,1.5201562459443303,0.1767,1,0.1767,6.0,inf
0.2356858404375712,-0.4118166779150807,0.7626253536853149,1.2603,1,1.2603,6.0,inf
-0.5913342399891298,-1.4085400389140543,0.6233974321429415,2.4587999999999997,1,2.4587999999999997,6.0,inf
0.4061999283805845,0.304035940638041,0.7597923585987842,0.9857999999999999,1,0.9857999999999999,6.0,inf
1.2714119005613562,0.6958130875342405,-0.06454741567251934,1.6874999999999998,1,1.6874999999999998,6.0,inf
0.6714599555821074,1.4771945318332047,0.9890001254746129,1.3586999999999998,1,1.3586999999999998,6.0,inf
-1.4694852355892751,-0.1293088209648389,0.34934506888211747,6.0,0,8.0001,6.0,inf
-1.3877628582487318,-0.7195454859882143,-0.2007855509185295,6.0,0,8.0001,6.0,inf
1.3219614873405336,0.12202343273885133,0.22401826432732988,2.5427999999999997,1,2.5427999999999997,6.0,inf
0.597748675689345,1.4081292812474402,-1.125644387129124,1.2261,1,1.2261,6.0,inf
1.4146745335208737,-0.2821625255009798,1.9405048727251462,1.269,1,1.269,6.0,inf
2.350782635129943,0.321770813846021,-1.5313033308506285,0.1083,1,0.1083,6.0,inf
0.0299964197721013,0.3871050198616438,-1.021721256400937,1.4079,1,1.4079,6.0,inf
0.128006387244056,-0.3861825786654548,0.9506049499202539,2.2001999999999997,1,2.2001999999999997,6.0,inf
-0.9293089149333854,0.5113316184568888,0.23177926110630298,6.0,0,8.0001,6.0,inf
0.9471463535320698,0.8241695307538642,0.7190647064163459,1.3698,1,1.3698,6.0,inf
-1.4173829447020319,0.8391433685960827,1.488576525117371,2.8188,1,2.8188,6.0,inf
-0.5085045250784885,0.31522760534013167,2.854491553617438,1.1274,1,1.1274,6.0,inf
-0.884868557955033,0.10421274589008109,-1.5517363686550067,0.6992999999999999,1,0.6992999999999999,6.0,inf
-1.8066718617423179,0.23665207908236258,1.191685183335207,1.4933999999999998,1,1.4933999999999998,6.0,inf
-0.8102329936899016,0.06363444099473688,0.35740634567401486,2.9534999999999996,1,2.9534999999999996,6.0,inf
0.8000334420467712,2.050208056359473,0.914518187111751,1.3568999999999998,1,1.3568999999999998,6.0,inf
1.3120630814921526,1.6748126921318625,-0.15527926437709824,1.9511999999999998,1,1.9511999999999998,6.0,inf
1.0902575146724118,0.7120727257617844,-0.06485305660981928,1.2447,1,1.2447,6.0,inf
-0.0695499129958171,-1.4015225313349156,-0.7985994602991165,3.1475999999999997,1,3.1475999999999997,6.0,inf
0.9256651139374632,-1.0508357773117738,0.6244370844243864,2.3034,1,2.3034,6.0,inf
-0.15485623797503348,-0.7841200877141287,-0.2842071111958901,2.9375999999999998,1,2.9375999999999998,6.0,inf
0.8941986689222906,0.11016744117073399,-0.06705590651759974,0.8957999999999999,1,0.8957999999999999,6.0,inf
-0.5410246003268624,-2.067539932825813,-0.5112912999049216,1.047,1,1.047,6.0,inf
-0.8633064089852129,-0.07239467205477032,1.0134240053000063,2.1035999999999997,1,2.1035999999999997,6.0,inf
-0.22231662555830006,1.958999531066884,-0.27151013368878213,1.1538,1,1.1538,6.0,inf
0.9485610130552455,0.7125376995362152,-1.6502965419113942,3.864,1,3.864,6.0,inf
1.846335693481322,1.0007214910636872,0.01376103332107291,0.6786,1,0.6786,6.0,inf
0.8645959702230351,-0.3599472823239053,0.06902406287828664,0.6003,1,0.6003,6.0,inf
-2.3295482386227833,0.6153179281664116,-1.0978702425446134,6.0,0,8.0001,6.0,inf
0.4058477062080449,0.4296507209908327,1.6885439426515982,1.3107,1,1.3107,6.0,inf
-0.4355887818776616,-0.5886749814978319,-0.10947236994361388,0.3585,1,0.3585,6.0,inf
-0.47134928641014917,-0.24237946741604616,0.4857817770880238,3.7100999999999997,1,3.7100999999999997,6.0,inf
0.08023613200832731,-1.507029594057334,0.26635057069578416,5.1963,1,5.1963,6.0,inf
-0.1140951692748535,1.543415980016243,-0.6602220667495602,3.6392999999999995,1,3.6392999999999995,6.0,inf
0.7491462696175913,0.7470608345958688,1.5487056808283002,0.6224999999999999,1,0.6224999999999999,6.0,inf
0.7209034595056324,-0.6296380205287362,2.2145282870798826,1.6772999999999998,1,1.6772999999999998,6.0,inf
-0.25589563261205445,-0.30656701748365867,0.24370666252412881,5.120699999999999,1,5.120699999999999,6.0,inf
-0.5491234897590856,-0.3638997587646201,0.7264127403419812,0.6902999999999999,1,0.6902999999999999,6.0,inf
1.7219860182009576,-1.338717740406864,-0.2853591613094241,1.8086999999999998,1,1.8086999999999998,6.0,inf
0.1592960288466538,0.5494413802175208,0.9000607335387888,1.1658,1,1.1658,6.0,inf
-1.304627557291932,-0.12178208203098101,-0.7421223805774478,6.0,0,8.0001,6.0,inf
0.6612490327742593,-0.8072008373952809,1.5566908421291052,1.5119999999999998,1,1.5119999999999998,6.0,inf
2.0266351863407395,-1.1665479256587201,-0.9353116611613072,2.4692999999999996,1,2.4692999999999996,6.0,inf
1.163533005308588,0.43073026628310734,-0.046702750696758236,0.4155,1,0.4155,6.0,inf
1.9414464276997072,0.19857204698279557,0.8873970518785116,0.6491999999999999,1,0.6491999999999999,6.0,inf
-0.5132467005037371,0.6392658740972962,0.7648949430190718,1.0548,1,1.0548,6.0,inf
0.06822712171289304,0.1507560774211937,0.45483825393836064,1.5032999999999999,1,1.5032999999999999,6.0,inf
2.4630880550019056,1.1256004051737412,2.441934901732159,0.8909999999999999,1,0.8909999999999999,6.0,inf
-0.3774808192265415,-0.5990814854213959,-1.0882455178607162,4.1994,1,4.1994,6.0,inf
-1.7426297800301682,0.5471593435828939,-1.2939906650216941,6.0,0,8.0001,6.0,inf
1.4948274556282084,-0.6229074454008486,0.927114180580738,2.0643,1,2.0643,6.0,inf
-0.6240087505230517,-1.1011674462751053,-2.06240931015508,4.7391,1,4.7391,6.0,inf
1.9615508580286047,-0.1679425427963348,-0.18734618226552463,2.1950999999999996,1,2.1950999999999996,6.0,inf
1.4201494038805071,-0.6745475481191439,0.0040942988141114516,2.4867,1,2.4867,6.0,inf
-1.1665636324160373,-0.9267697246821488,-0.011866886994919322,2.9000999999999997,1,2.9000999999999997,6.0,inf
-1.6556740321685757,-2.0541366975877167,1.9240071378621042,0.2895,1,0.2895,6.0,inf
0.4171506587510548,0.2856020746505314,-0.4555759656165976,2.6936999999999998,1,2.6936999999999998,6.0,inf
-0.9244476961670474,-0.21688631754439683,0.12279506973353636,0.30329999999999996,1,0.30329999999999996,6.0,inf
0.42556279594755436,-1.2698278062855086,-0.5015757985550322,1.9661999999999997,1,1.9661999999999997,6.0,inf
1.384889628103377,-0.9864756189793474,-0.29207767661732226,3.4415999999999998,1,3.4415999999999998,6.0,inf
-0.6141934501370193,0.6429866962375896,-0.10977132940254006,1.3097999999999999,1,1.3097999999999999,6.0,inf
0.8289736363596409,0.7082521505314704,0.622216322753626,0.19979999999999998,1,0.19979999999999998,6.0,inf
0.9475874899787365,1.3442127537918818,-0.23936153883240366,1.2246,1,1.2246,6.0,inf
-0.7206109768066438,0.07561006914207795,-0.4340294256630741,1.9814999999999998,1,1.9814999999999998,6.0,inf
0.255272805667347,0.1333121848572812,0.5675110149742274,1.5434999999999999,1,1.5434999999999999,6.0,inf
-0.3171918323021467,-1.1464755834469205,-0.4258515659104788,5.2368,1,5.2368,6.0,inf
0.34905306072299863,-0.5881200108529939,0.6892852648271661,2.8478999999999997,1,2.8478999999999997,6.0,inf
0.7178809878540204,-0.5898015812065867,1.1103295156431305,0.47609999999999997,1,0.47609999999999997,6.0,inf
-0.30679849955973,1.5585642533691744,-0.07654751355525709,0.285,1,0.285,6.0,inf
0.6915572651757164,0.32285912593115434,-0.3513009050005595,0.6194999999999999,1,0.6194999999999999,6.0,inf
0.09564644703233607,0.5729035093611345,0.7287718216566295,1.5356999999999998,1,1.5356999999999998,6.0,inf
0.686151979430524,-1.8422636499554519,0.14642620428373604,3.7298999999999998,1,3.7298999999999998,6.0,inf
0.07763498200005525,-0.09862046764367398,-2.1425621861900885,3.6611999999999996,1,3.6611999999999996,6.0,inf
-0.36714951698298953,-0.8330600167948405,-0.17720753470538042,2.1452999999999998,1,2.1452999999999998,6.0,inf
-1.9519270236240753,1.9749351687531798,1.4134326744075774,0.6648,1,0.6648,6.0,inf
-1.4236383610161596,-1.9203561514103042,-1.2030661087500434,4.7547,1,4.7547,6.0,inf
-2.118333143860769,-1.2354654838367278,1.9764464716907924,6.0,0,8.0001,6.0,inf
2.774019266858114,0.1771842573834192,-1.1250677502125797,1.5492,1,1.5492,6.0,inf
0.4259571787057298,0.9576014954112212,-0.826853077713858,2.4819,1,2.4819,6.0,inf
-0.8095274376268268,-0.28436754798666386,1.2146536289358827,1.0535999999999999,1,1.0535999999999999,6.0,inf
-0.699766877100875,0.7431608390579166,-0.5449917426395147,6.0,0,8.0001,6.0,inf
0.7213369405506761,-1.1127936604170865,1.4568285412568678,1.1684999999999999,1,1.1684999999999999,6.0,inf
-0.2702183136047932,1.2490895832140236,0.2659564595483337,0.5619,1,0.5619,6.0,inf
-0.1217002627847804,-0.02574865213833433,-0.6474820386232721,4.8374999999999995,1,4.8374999999999995,6.0,inf
1.2405603781718915,0.06349409702702662,-0.8802531085356792,2.2157999999999998,1,2.2157999999999998,6.0,inf
-0.5198749141640714,-0.4376474329900651,0.25621636516159596,6.0,0,6.4418999999999995,6.0,inf
-0.22832000309892106,0.8486074539162157,-0.6361455876795473,2.5694999999999997,1,2.5694999999999997,6.0,inf
-0.2651354483278964,0.10040897720927047,1.2031183553373168,2.6996999999999995,1,2.6996999999999995,6.0,inf
1.2921602126325624,0.9465130499487711,0.43403215071488044,1.5419999999999998,1,1.5419999999999998,6.0,inf
1.1599844648082789,1.124635502056723,-0.8417836620831805,2.3303999999999996,1,2.3303999999999996,6.0,inf
-0.002459379942331148,0.5257152568989006,-0.5456793901587935,0.573,1,0.573,6.0,inf
0.9575626174245228,-0.3736105943305012,0.15997625858817666,0.1737,1,0.1737,6.0,inf
-0.6057779477403552,-0.1994847304706342,-0.41172935210584316,6.0,0,8.0001,6.0,inf
0.2781129382570226,-1.7275056690033943,0.40042136169610787,4.6875,1,4.6875,6.0,inf
0.32479278466348627,-0.2991189626243648,1.1489864819895572,2.7422999999999997,1,2.7422999999999997,6.0,inf
0.6338273555854657,-0.031088243690836674,0.6637474387706069,1.0008,1,1.0008,6.0,inf
-2.9619963379706276,1.435306508948704,-0.8266698201237681,6.0,0,8.0001,6.0,inf
-0.06102351046141663,-0.5538480066112083,-0.6206661762260938,5.956799999999999,1,5.956799999999999,6.0,inf
-0.9096528065458959,0.7527128393753132,1.0678625603963339,1.3047,1,1.3047,6.0,inf
0.0914564918730148,0.8566940876182362,1.1267109565634914,0.41219999999999996,1,0.41219999999999996,6.0,inf
0.10365306369723153,-0.0434973804806329,0.1250559556872253,3.0626999999999995,1,3.0626999999999995,6.0,inf
1.2175680413490344,-0.1587294789046353,1.681464555449452,1.9190999999999998,1,1.9190999999999998,6.0,inf
0.6330653516064128,0.005567361038317564,-0.7943956066474215,3.4071,1,3.4071,6.0,inf
0.6354289271839189,-0.2550293171270163,-0.26413666601292407,2.3432999999999997,1,2.3432999999999997,6.0,inf
0.301835829420041,-0.0251391665069376,1.0008565555792015,2.3859,1,2.3859,6.0,inf
1.7227145855640422,-1.0915434309914238,-0.6521785325466115,3.5582999999999996,1,3.5582999999999996,6.0,inf
-0.6348202570682197,0.29888116001247694,-0.35642472229574595,5.0996999999999995,1,5.0996999999999995,6.0,inf
0.3267066641712902,-0.3699285488334514,1.1593410774401514,1.1384999999999998,1,1.1384999999999998,6.0,inf
-1.011136282858708,0.6399897397907617,-0.40239754688085977,0.0852,1,0.0852,6.0,inf
1.621389342395122,1.6457626301251942,-0.05772143696925351,1.9742999999999997,1,1.9742999999999997,6.0,inf
-0.9631083351687036,0.3806515089804846,0.4830143968226858,4.7349,1,4.7349,6.0,inf
1.2879633690532843,0.44797950181448787,0.10145368851782458,2.1464999999999996,1,2.1464999999999996,6.0,inf
-2.394993017855382,0.4807106231681133,0.574274772010131,6.0,0,7.498499999999999,6.0,inf
1.0230298098889246,0.29348834379193395,0.92694829786933,2.4278999999999997,1,2.4278999999999997,6.0,inf
-1.5522018831169435,0.9922677855102641,2.190667397357845,1.2554999999999998,1,1.2554999999999998,6.0,inf
0.2751313584183907,-0.9108850711706278,-0.5273482880610594,3.7068,1,3.7068,6.0,inf
0.7607891857029208,-1.5563255133446081,2.7129586521927553,0.7610999999999999,1,0.7610999999999999,6.0,inf
-0.09997714936678151,-1.8190981846989618,0.5323970282395023,4.579199999999999,1,4.579199999999999,6.0,inf
-0.9971922584274622,0.7832637654587588,-0.4248477936086488,4.1868,1,4.1868,6.0,inf
-1.9806144135216115,0.18911363501218603,-0.7913429075915597,3.5906999999999996,1,3.5906999999999996,6.0,inf
-0.7443107752488444,1.2870648597053946,1.6846635954412967,1.1810999999999998,1,1.1810999999999998,6.0,inf
-0.7844943325697302,0.5661009887757971,-0.33138141103292357,3.5999999999999996,1,3.5999999999999996,6.0,inf
1.0547515303794872,-0.3963488903857453,0.3282431904811654,2.6073,1,2.6073,6.0,inf
-0.5283052728965427,-0.37858765690882173,-0.3439217181646375,2.1519,1,2.1519,6.0,inf
-0.32124740276146224,-0.9719068217397854,-0.8098123659961791,2.0751,1,2.0751,6.0,inf
-0.8497171585959618,0.06043639341142137,-0.6225137516452046,3.9242999999999997,1,3.9242999999999997,6.0,inf
-0.7274936501732305,0.7180078048840421,-0.48358745882469834,3.5930999999999997,1,3.5930999999999997,6.0,inf
0.21351424705077843,0.9128789773070279,1.1929187494119982,0.6410999999999999,1,0.6410999999999999,6.0,inf
1.081185150783366,0.7610698958548999,-0.012084811376964169,0.5796,1,0.5796,6.0,inf
-0.42022822773743485,0.23502335217442613,-0.536312589138737,2.2662,1,2.2662,6.0,inf
-1.1285688733966661,-3.172934000206935,-1.508208768764777,6.0,0,7.147499999999999,6.0,inf
-1.216393996577365,0.554941739539689,0.4360471103237235,6.0,0,8.0001,6.0,inf
-0.9530875711679783,-2.0843288207470856,1.0778694680695156,3.1359,1,3.1359,6.0,inf
0.7686200937270754,0.9105447455026139,-1.811079800366602,3.0885,1,3.0885,6.0,inf
1.1106905784861345,0.5435839049456068,-0.7325014287541532,0.9503999999999999,1,0.9503999999999999,6.0,inf
-1.7780415098196092,-0.7205339156027643,-0.07705868428242145,0.6456,1,0.6456,6.0,inf
-0.5664176108507557,-0.5382741799680859,1.7230449253165245,2.3369999999999997,1,2.3369999999999997,6.0,inf
-1.3722499085141824,2.7221470015044105,1.7596010305923397,0.20639999999999997,1,0.20639999999999997,6.0,inf
-0.5680827499999846,0.19121385221616538,-1.4400445540629518,3.6209999999999996,1,3.6209999999999996,6.0,inf
-0.24234246375931512,1.1282587602377232,0.8444489631526583,1.9655999999999998,1,1.9655999999999998,6.0,inf
1.2166010713825992,-0.6715986203848575,0.384899255420639,1.4925,1,1.4925,6.0,inf
1.0150910855626645,0.8252367501040726,0.33562889629022846,1.2395999999999998,1,1.2395999999999998,6.0,inf
-0.7746454557694725,-0.7691982919403221,-0.24197112903291773,6.0,0,8.0001,6.0,inf
0.05933036771261614,0.877211748781977,-0.3406445679398242,1.6229999999999998,1,1.6229999999999998,6.0,inf
-1.4860258520077287,0.6179139254364953,-0.44120567603761784,6.0,0,7.3751999999999995,6.0,inf
0.8244972515869246,0.9217018179113685,-0.4952624481601674,1.4382,1,1.4382,6.0,inf
0.24932506215417477,0.6785865982847342,0.9449800494218076,1.0379999999999998,1,1.0379999999999998,6.0,inf
0.07411003369693422,-0.6389818634134863,0.49001641663312145,2.3897999999999997,1,2.3897999999999997,6.0,inf
0.12746596797848117,-1.4560965430181607,0.5434765831643742,4.831799999999999,1,4.831799999999999,6.0,inf
0.25159758631565954,0.1617395125975256,-0.09568001894695244,4.1145,1,4.1145,6.0,inf
-0.11192812238461536,-0.9919770518859098,0.4311679883881925,6.0,0,6.799799999999999,6.0,inf
0.440004771888886,0.6708600495127961,0.18212078182853186,3.2786999999999997,1,3.2786999999999997,6.0,inf
0.977996472992174,-1.2184160958664658,1.3880279866925205,2.2838999999999996,1,2.2838999999999996,6.0,inf
0.4287061771557669,-0.012956737391122729,-0.9429622566459591,6.0,0,6.568199999999999,6.0,inf
-0.16451681877130273,-1.1070895479746656,0.8385345264956118,3.8703,1,3.8703,6.0,inf
-0.2983310315285736,-0.39755283360331567,-0.04995629556070997,1.4418,1,1.4418,6.0,inf
0.6892154692237771,0.8761418740681567,0.18539088083430652,0.7781999999999999,1,0.7781999999999999,6.0,inf
-0.5085966080521958,-0.30310497699525096,0.7526595287655754,1.0989,1,1.0989,6.0,inf
-0.10146321764677353,0.4608502373210632,-1.502650344325026,1.9736999999999998,1,1.9736999999999998,6.0,inf
0.4360985403601079,-0.8012205421221517,0.41473285790431597,1.3917,1,1.3917,6.0,inf
0.505413694689843,-1.794357497046193,-0.7819052641204415,4.590299999999999,1,4.590299999999999,6.0,inf
2.3669595946811874,0.6464858345500525,1.2135229098465388,1.0311,1,1.0311,6.0,inf
-0.7409349434156601,-0.5142895437691913,0.15916992726968443,1.8678,1,1.8678,6.0,inf
-1.787469348833123,-0.6799996881575371,0.03163698979378672,5.5854,1,5.5854,6.0,inf
-0.152461862169161,-2.687383275037367,0.5534667528348015,4.6776,1,4.6776,6.0,inf
0.7716798163596813,0.9577011526599453,0.15847146259407016,3.5909999999999997,1,3.5909999999999997,6.0,inf
1.2982018137792153,0.18936410230495668,-1.2915463660757185,3.1409999999999996,1,3.1409999999999996,6.0,inf
0.8845663203578433,-0.9661995917609664,-1.0384592270046573,2.9048999999999996,1,2.9048999999999996,6.0,inf
-0.7954036112144077,0.7298806199426647,-0.9730257857842257,0.8486999999999999,1,0.8486999999999999,6.0,inf
0.8327476361584564,-0.42248426271794615,0.008192373398728801,1.9598999999999998,1,1.9598999999999998,6.0,inf
-0.3416541151941335,1.4810115206036143,0.5638227709361807,1.5534,1,1.5534,6.0,inf
0.6246935362139383,0.8079115966588731,-0.7020045129901205,0.7385999999999999,1,0.7385999999999999,6.0,inf
0.34487770809826723,0.651392441235867,-0.6011286893558285,1.6296,1,1.6296,6.0,inf
-1.9096759697551375,1.2311497244946783,1.3507518504818714,1.9406999999999999,1,1.9406999999999999,6.0,inf
-1.2760371171629656,-0.069300231208116,-2.2032383358655987,6.0,0,6.404999999999999,6.0,inf
-0.29136315311070815,-0.09799594290595803,-0.8295132717939311,1.7111999999999998,1,1.7111999999999998,6.0,inf
0.2031016686269596,-2.353847725328098,0.13833504651517312,4.6056,1,4.6056,6.0,inf
-0.6345971974802033,-0.9343117998764849,1.1473737180232326,5.781,1,5.781,6.0,inf
-0.29840075198605376,0.2741923199836019,-0.6506460097520023,0.7832999999999999,1,0.7832999999999999,6.0,inf
0.27395303183447556,0.2485338990119134,-0.4688786639949199,1.4037,1,1.4037,6.0,inf
0.21264029259252717,0.6508862149850525,0.033526652911685884,2.412,1,2.412,6.0,inf
1.2112388036546557,-0.18231172154065994,0.6585982462209905,3.3491999999999997,1,3.3491999999999997,6.0,inf
-0.6751889016944526,-0.9932972127628431,-1.963942060776877,4.0866,1,4.0866,6.0,inf
-0.4385160606894488,0.08293534119986058,1.0337473043855714,1.5152999999999999,1,1.5152999999999999,6.0,inf
-0.5774431159046441,-0.17037595235708528,0.5495354101190337,2.8145999999999995,1,2.8145999999999995,6.0,inf
0.3071501230765723,0.47290472469539524,1.1926250333778392,1.3536,1,1.3536,6.0,inf
-1.0385943060239682,0.9653100760413391,0.13448029871997602,2.9208,1,2.9208,6.0,inf
-1.8066308064382683,1.8562677309087952,0.1769979826108755,3.8471999999999995,1,3.8471999999999995,6.0,inf
-0.43408289973651654,-1.349421901881034,-0.03971363998585642,4.9173,1,4.9173,6.0,inf
-1.1045748697726212,-1.4013737905720722,1.2167496658470651,1.8167999999999997,1,1.8167999999999997,6.0,inf
0.42152386665789415,0.42074193048927744,0.20324976633371067,2.1866999999999996,1,2.1866999999999996,6.0,inf
0.9307440832804763,-0.4889797204215662,0.6880331671675697,0.2994,1,0.2994,6.0,inf
-1.8420834017845706,0.17111135934009225,0.1572139047877553,5.2452,1,5.2452,6.0,inf
0.3204661692117602,1.8031200116660233,-0.7690389603610572,1.4442,1,1.4442,6.0,inf
0.2316891564030074,-1.139116212106082,-1.4077035462734155,3.2264999999999997,1,3.2264999999999997,6.0,inf
1.4597400301998005,1.3002019787554622,-1.566064498902132,1.3029,1,1.3029,6.0,inf
0.9105007524626954,-0.08442386308895186,0.43740686852093247,1.1193,1,1.1193,6.0,inf
-1.6872368071399888,-1.3007542888255068,0.11666104703859695,2.8829999999999996,1,2.8829999999999996,6.0,inf
1.1913064628276986,0.9885663025207787,1.0721714482190765,2.2245,1,2.2245,6.0,inf
1.5666414516744736,-2.961244094522452,-0.6757340753150776,1.6190999999999998,1,1.6190999999999998,6.0,inf
-0.6242292829961996,-1.206627538266196,-0.3264949364130642,6.0,0,8.0001,6.0,inf
1.9298562313462777,1.8848405237846033,-0.051548295423374704,1.4823,1,1.4823,6.0,inf
-0.9874777866672704,-0.6200218446428745,-0.35914423674231866,4.6331999999999995,1,4.6331999999999995,6.0,inf
0.03397394623970694,0.45789928597142987,1.028638897555087,1.7801999999999998,1,1.7801999999999998,6.0,inf
-0.8719650605182,1.3519487689319092,-0.7209062976080135,6.0,0,8.0001,6.0,inf
1.8064474198646845,-0.8485721859192585,0.4353870855476755,2.5326,1,2.5326,6.0,inf
1.1861157862018539,-1.0589539364745943,-0.8675665025727415,0.6146999999999999,1,0.6146999999999999,6.0,inf
1.001400474712768,-1.1222988517773473,0.1703236401113139,0.8882999999999999,1,0.8882999999999999,6.0,inf
-0.001121769853680572,1.442348177524419,-0.03049925204468293,0.6275999999999999,1,0.6275999999999999,6.0,inf
0.05390126838689476,-0.09930195285463146,-1.0040184902948392,4.021199999999999,1,4.021199999999999,6.0,inf
0.9323341803322446,2.132162574507843,-0.8375554896928377,1.1042999999999998,1,1.1042999999999998,6.0,inf
0.07296317853981817,-1.130495110358952,0.7886087682691824,2.7363,1,2.7363,6.0,inf
0.5163638519672523,0.6180996461074988,0.9469855977413651,0.5159999999999999,1,0.5159999999999999,6.0,inf
0.8411718806824999,-0.9311041388129709,0.586145324106189,1.2306,1,1.2306,6.0,inf
-0.10982268792433247,-0.0018558421987881397,-0.3168185265940457,4.8027,1,4.8027,6.0,inf
0.5361269920593437,1.212383147098521,0.08385621397669758,0.6726,1,0.6726,6.0,inf
0.05705290792199231,-1.1832491761455628,0.235603377423965,3.1904999999999997,1,3.1904999999999997,6.0,inf
-1.1475493815612408,-0.7670429798406083,-0.609821168054682,4.3637999999999995,1,4.3637999999999995,6.0,inf
2.071695746253935,0.22125458542123005,-1.247184138371368,3.1616999999999997,1,3.1616999999999997,6.0,inf
0.03789711778111029,-0.1349216202275279,0.06802965420272349,1.6928999999999998,1,1.6928999999999998,6.0,inf
-0.008180179083737537,-0.9480489799978606,3.994545121682748,1.2405,1,1.2405,6.0,inf
-0.3424226524052158,1.1521245652762888,-1.8774546939688401,6.0,0,7.795799999999999,6.0,inf
-0.7658039705940405,0.4110868211090263,-1.2712259840404756,4.109999999999999,1,4.109999999999999,6.0,inf
-0.5933763867171852,-0.6559198942164841,-0.7184021746600338,0.5478,1,0.5478,6.0,inf
1.4607089026748081,0.6908909652792252,0.34853159272616224,0.44969999999999993,1,0.44969999999999993,6.0,inf
0.8462293135410889,-0.46856798232832836,1.1351740976851508,1.2962999999999998,1,1.2962999999999998,6.0,inf
0.24561510056915398,1.4204239672750991,1.6436494903188186,0.6648,1,0.6648,6.0,inf
1.2655551352720498,-0.3309774338638086,0.3794551415701653,3.3971999999999998,1,3.3971999999999998,6.0,inf
0.21756959488209487,-1.397751172223359,-0.5355488467381,3.4425,1,3.4425,6.0,inf
0.013059777103022564,0.6090626423674427,0.6275448575354464,0.8795999999999999,1,0.8795999999999999,6.0,inf
0.5571202257173247,0.02142249954381684,-0.4689619259234495,2.7824999999999998,1,2.7824999999999998,6.0,inf
0.7976343286165097,0.3214222968503855,0.8228431680949188,0.7373999999999999,1,0.7373999999999999,6.0,inf
-0.6335109660552954,-1.89115294429796,-1.2253026157964657,6.0,0,8.0001,6.0,inf
-0.6506279958521596,-0.9674825773910527,0.7066082071193976,6.0,0,8.0001,6.0,inf
0.778813581101357,1.2584989477237254,1.0655180445871633,0.2415,1,0.2415,6.0,inf
1.8548706186685922,0.7600527420770066,-0.29685481261852187,0.027299999999999998,1,0.027299999999999998,6.0,inf
0.21302730045915888,-1.4898436804266697,0.716998813061697,3.2480999999999995,1,3.2480999999999995,6.0,inf
-1.1235723622159832,0.26395691703797064,-1.1715705106870888,3.3671999999999995,1,3.3671999999999995,6.0,inf
0.8409725478803608,-0.5948639792060466,0.8689073522257147,0.7115999999999999,1,0.7115999999999999,6.0,inf
-0.032371556679766586,0.4788338506876622,-1.014403962872154,3.4154999999999998,1,3.4154999999999998,6.0,inf
-0.058461603597204585,-0.5931733749869835,-0.1838473404715459,2.4078,1,2.4078,6.0,inf
-1.7873062810752056,0.2985514469320263,-0.21856989702334423,3.3425999999999996,1,3.3425999999999996,6.0,inf
1.9998456250995569,-0.03505634331843384,-0.8433350004872322,2.5686,1,2.5686,6.0,inf
0.519051137570353,-2.0459215439966916,-0.903087617916032,0.22709999999999997,1,0.22709999999999997,6.0,inf
-1.2253864631500035,1.07449688807771,1.3818537346764446,1.5707999999999998,1,1.5707999999999998,6.0,inf
-2.1035903544985,1.5965835320309374,-0.12129033054515526,0.20939999999999998,1,0.20939999999999998,6.0,inf
1.3602315879582534,-0.44199297993174763,-0.03365252042934407,1.4588999999999999,1,1.4588999999999999,6.0,inf
-0.7662065029887675,0.35943193503506177,-1.108140211988619,4.328399999999999,1,4.328399999999999,6.0,inf
-1.1595222287398013,-0.4086614511555281,0.1580499319743236,5.097899999999999,1,5.097899999999999,6.0,inf
-1.505958763846324,-0.10145857760588765,1.6079219632129733,1.4486999999999999,1,1.4486999999999999,6.0,inf
-0.8836667220132484,-0.7081918619623476,0.05007475333553576,1.2638999999999998,1,1.2638999999999998,6.0,inf
0.22988644028365343,-1.2948799295503068,0.215759215249919,5.942699999999999,1,5.942699999999999,6.0,inf
0.5734625105911094,0.515092329539745,0.9337794392541361,1.0538999999999998,1,1.0538999999999998,6.0,inf
0.535770060241377,0.6529388496157887,0.309827099964843,1.4787,1,1.4787,6.0,inf
0.4456930729297634,-0.4519896591777362,1.5778233933832728,2.5385999999999997,1,2.5385999999999997,6.0,inf
-0.35197397826870047,-0.12305402527134011,-0.8857543542893999,6.0,0,8.0001,6.0,inf
0.3033072283368984,1.424757058687784,1.5581645177540606,1.4526,1,1.4526,6.0,inf
-0.39636072571896297,0.11883801269564476,0.8989415341960038,1.9028999999999998,1,1.9028999999999998,6.0,inf
1.6588058976350053,1.3819456184973413,-0.6361253459094366,0.6497999999999999,1,0.6497999999999999,6.0,inf
-0.5126451499502113,1.3921655993922961,1.564028844792473,1.6445999999999998,1,1.6445999999999998,6.0,inf
0.596725679772726,0.6291793661622944,0.0503933025944568,2.8985999999999996,1,2.8985999999999996,6.0,inf
-1.322543053131015,-0.6911833504774733,-1.0728383211825694,4.267499999999999,1,4.267499999999999,6.0,inf
0.9080513637509222,0.5016401632900636,2.0501184564996695,1.2068999999999999,1,1.2068999999999999,6.0,inf
0.1657764822067197,0.2701531771942178,-0.8549268481921503,2.7354,1,2.7354,6.0,inf
0.4164353689212392,0.616129166553613,0.8111323196237531,1.6092,1,1.6092,6.0,inf
0.6424772991604819,-0.4873219490469183,-0.5454718322050737,0.2433,1,0.2433,6.0,inf
0.32473166954080745,0.8783295738228231,0.8885513984245405,1.9503,1,1.9503,6.0,inf
0.4880544301375714,0.8581326987381885,-0.8633322322182401,1.5359999999999998,1,1.5359999999999998,6.0,inf
0.6056948064069949,1.2403357954902472,-0.14237840231827945,3.6323999999999996,1,3.6323999999999996,6.0,inf
-0.6670704299751395,2.1133877847964753,-1.7157554647360502,2.6420999999999997,1,2.6420999999999997,6.0,inf
0.45339517290895104,-1.097062134477293,0.7330210428904986,4.0782,1,4.0782,6.0,inf
0.1741224055673945,0.5743715202580874,-1.097082805491005,2.5479,1,2.5479,6.0,inf
-1.1668698637898838,-0.3681024183515417,1.0482516047785622,6.0,0,6.558599999999999,6.0,inf
1.6990453262670617,-0.3962517740215721,0.7164958759098087,1.1496,1,1.1496,6.0,inf
0.08065317498459111,-0.3865618016510048,-0.09817580505069343,2.6889,1,2.6889,6.0,inf
0.35215370981623956,0.18911625385500724,-1.9205255333001443,3.0890999999999997,1,3.0890999999999997,6.0,inf
-0.25067488963487466,-2.241558185686763,1.0159341638181172,6.0,0,8.0001,6.0,inf
0.22091414602831078,0.5154506155003554,-0.18463841383039628,0.3867,1,0.3867,6.0,inf
0.4653478665177641,0.9046165746230445,-1.0542211755604607,0.696,1,0.696,6.0,inf
0.36064546517322377,-1.4873175248585968,-0.657071536730746,0.7008,1,0.7008,6.0,inf
0.8514922262876402,0.4026398122358796,-0.41955478100149346,1.9496999999999998,1,1.9496999999999998,6.0,inf
-1.8331620329825828,0.21482236209555475,-1.6314145953003207,4.7298,1,4.7298,6.0,inf
1.9956401144341143,0.44157364890658446,1.1673923113364166,1.2599999999999998,1,1.2599999999999998,6.0,inf
1.130227435962203,0.6535794286934613,-0.3392124279365667,0.5228999999999999,1,0.5228999999999999,6.0,inf
0.09686516073435879,-0.5625058294358638,-1.2070780242680912,2.7165,1,2.7165,6.0,inf
-0.18786321957742855,-1.0985752451979147,0.07436688107920432,4.7406,1,4.7406,6.0,inf
-0.7166520395641878,0.2564381914506343,-0.3781386575892973,2.9711999999999996,1,2.9711999999999996,6.0,inf
-1.4814872604791403,-0.3077800711931151,-1.4752668406225633,6.0,0,7.0569,6.0,inf
0.6868998983038034,0.32280529661110713,1.1751603495017036,2.7312,1,2.7312,6.0,inf
1.6039286594516748,1.3325969152158215,0.6317876890937912,0.5757,1,0.5757,6.0,inf
-0.5737659331871484,0.42956238308525846,1.1718680570920177,1.2893999999999999,1,1.2893999999999999,6.0,inf
0.42991543622665807,-0.3000622821089904,-0.7843909859513921,1.0577999999999999,1,1.0577999999999999,6.0,inf
-2.8941349185561975,-0.8202825729586504,1.2055813513702027,6.0,0,8.0001,6.0,inf
-0.7840456967845425,0.8499711746797888,-1.5435580218491087,0.20459999999999998,1,0.20459999999999998,6.0,inf
-0.03560663870424373,-0.5199558910983137,0.2671725727698681,5.5641,1,5.5641,6.0,inf
-0.9319147506545545,-0.855403253345718,1.204856597326555,1.2621,1,1.2621,6.0,inf
0.896213904262755,-0.2552293922810402,0.49023538602444106,0.6222,1,0.6222,6.0,inf
0.02929147904181855,-1.1163387635694086,0.25382766439473187,6.0,0,6.872699999999999,6.0,inf
-1.4256183057806713,-0.4840917423260819,-0.8080057178583288,4.0539,1,4.0539,6.0,inf
1.4747457601774336,-0.22138806361619937,-0.05644816487010798,2.118,1,2.118,6.0,inf
-1.715089840978885,0.8741605446359507,0.17421224415104264,0.6042,1,0.6042,6.0,inf
1.4341305716743997,-0.06331437629488404,1.1539557284661166,1.4546999999999999,1,1.4546999999999999,6.0,inf
1.0771089045377056,-0.06974185081323271,0.45666910079287953,1.2176999999999998,1,1.2176999999999998,6.0,inf
0.7935815297610678,-1.6273202782528546,2.051580658290094,1.0692,1,1.0692,6.0,inf
1.5659811895159896,0.8809927622882586,-0.8428182559532736,1.0362,1,1.0362,6.0,inf
-1.1813862729684148,-0.9646654175786085,-2.3628336341512366,6.0,0,7.238099999999999,6.0,inf
-0.19909868274780843,1.217497543021604,0.9123835548021118,1.8516,1,1.8516,6.0,inf
0.7419341260698267,-1.4709569180448032,0.5547634765364179,1.2747,1,1.2747,6.0,inf
0.39702795562864185,0.0008957441646608255,0.14642779484810364,0.41969999999999996,1,0.41969999999999996,6.0,inf
1.7258205435912244,-0.5550358376356781,-1.97012372768648,3.0999,1,3.0999,6.0,inf
0.7425594430871112,-0.45390456621783,-0.5069730532381216,4.656899999999999,1,4.656899999999999,6.0,inf
-0.7350911668203095,-0.5794788807769247,-0.8823598609977574,3.5012999999999996,1,3.5012999999999996,6.0,inf
-1.0494755182604425,-0.8509930855892013,2.2984621571690123,1.1028,1,1.1028,6.0,inf
0.8143395195813589,1.5639058470185243,1.2359410675301863,1.3727999999999998,1,1.3727999999999998,6.0,inf
-0.7666844284023564,0.2757662712102128,0.16926019815314614,0.9818999999999999,1,0.9818999999999999,6.0,inf
0.011369826268954684,-0.13511561474694583,-1.4523532527916316,3.4274999999999998,1,3.4274999999999998,6.0,inf
-1.0708945677236108,-1.4369911552481414,0.3438644936276675,6.0,0,8.0001,6.0,inf
0.736006353626176,0.2878551389083928,0.6922054414874786,2.235,1,2.235,6.0,inf
0.5914728103585679,-0.1952537638509108,0.6250582076454029,2.0886,1,2.0886,6.0,inf
-1.6055284107720094,-0.010106179832233032,0.7488302754756277,6.0,0,8.0001,6.0,inf
-0.5850099248300695,0.6359501455811022,-0.5267572601060059,6.0,0,8.0001,6.0,inf
-0.2812221454494673,-1.1814596432747158,-0.05103798341354821,1.2089999999999999,1,1.2089999999999999,6.0,inf
-0.25106271902755684,-0.4742631939218304,0.5420376403222498,3.5420999999999996,1,3.5420999999999996,6.0,inf
-0.20040745565126264,-1.6487209622775185,1.1438159715313572,6.0,0,6.9765,6.0,inf
-0.166259130905366,-1.0963488134370936,0.8743442499053192,2.6492999999999998,1,2.6492999999999998,6.0,inf
-0.957632023723112,-0.35560924225088714,0.9625612902176733,6.0,0,7.7235,6.0,inf
0.464766253653762,1.654805078940744,0.694386908625253,1.0376999999999998,1,1.0376999999999998,6.0,inf
-0.8088071741908418,-0.7035119441304499,1.259978115941467,5.268299999999999,1,5.268299999999999,6.0,inf
-2.113617587887731,0.02658414108163767,0.321721629931407,5.810099999999999,1,5.810099999999999,6.0,inf
-0.6117429974067435,-1.3357724591363065,0.8549486239844349,5.410799999999999,1,5.410799999999999,6.0,inf
0.08734459705438596,-0.6357371953548163,-0.5819917421386074,4.830299999999999,1,4.830299999999999,6.0,inf
0.7491213193580432,1.5226977932854344,-0.2627657972324314,1.0209,1,1.0209,6.0,inf
-1.2831800829281643,1.1674925661330855,-1.6061762208238997,1.0323,1,1.0323,6.0,inf
0.2412614079337761,0.3341731240798161,-1.701692153252281,3.1266,1,3.1266,6.0,inf
-0.33897092573161963,-0.9498115477779845,0.3488727925022289,6.0,0,8.0001,6.0,inf
1.5172383459011742,2.3489695552776935,1.4920964060385826,0.42779999999999996,1,0.42779999999999996,6.0,inf
-0.13073996978269767,-1.3650588811900668,-1.4036937793007882,4.890899999999999,1,4.890899999999999,6.0,inf
0.23396547468707482,-0.30628126991413224,-0.2696580626569645,4.3359,1,4.3359,6.0,inf
1.775885545081159,-0.0219453591956236,2.136720967267751,1.188,1,1.188,6.0,inf
-0.916809916517719,-0.0722592276474757,-0.21407273255188894,0.32939999999999997,1,0.32939999999999997,6.0,inf
-3.106943823230662,-0.9613298928943222,-0.9246072754556768,0.5364,1,0.5364,6.0,inf
-2.3667415767579896,0.7647860664560447,-0.4338160026270599,6.0,0,8.0001,6.0,inf
-1.8742408977725733,-1.9143413031281666,-2.8827247081292766,6.0,0,8.0001,6.0,inf
-0.7435921498722311,0.7465770037678247,0.7796268671429591,1.2953999999999999,1,1.2953999999999999,6.0,inf
-1.4048711439598847,1.508762182071469,-1.1433745465153449,1.4546999999999999,1,1.4546999999999999,6.0,inf
1.0205450602811865,-0.4542179101203261,-0.09797834866877168,4.030799999999999,1,4.030799999999999,6.0,inf
-0.0032966101574543015,0.7492757532526968,0.7546797204549174,1.8866999999999998,1,1.8866999999999998,6.0,inf
0.12066336351986848,-0.6993668919962477,-0.26240796697816837,1.4192999999999998,1,1.4192999999999998,6.0,inf
0.047110101699557184,0.48744686013415295,0.13465837085101223,2.5199999999999996,1,2.5199999999999996,6.0,inf
-1.6155731313122232,-1.4745800283297867,-0.7611058687397023,6.0,0,8.0001,6.0,inf
2.8520540930291784,-0.12749311562085364,0.008001507744686855,2.0052,1,2.0052,6.0,inf
1.2414100321948205,1.3467892316517638,0.4697283670863014,0.44279999999999997,1,0.44279999999999997,6.0,inf
1.216644104794787,-0.37127327342379035,-1.359161521014541,2.2836,1,2.2836,6.0,inf
-0.11685536536836827,1.0659091530150357,0.5154083585152865,1.6673999999999998,1,1.6673999999999998,6.0,inf
-0.999452366525568,1.3061273672555456,0.2107887288287791,0.7286999999999999,1,0.7286999999999999,6.0,inf
-1.0665092795757602,-0.5145265787777176,0.8480137246379095,6.0,0,6.4422,6.0,inf
1.6569627023626432,0.40194902573623403,-0.20328609296216463,0.945,1,0.945,6.0,inf
1.1052978387420547,-0.2654859742210793,0.8271156023178209,1.8657,1,1.8657,6.0,inf
0.20774866387814853,0.8123233897419232,-1.4607446865517908,3.3564,1,3.3564,6.0,inf
-0.8130293307196649,1.9646273871015778,-0.252506136982069,0.23279999999999998,1,0.23279999999999998,6.0,inf
0.3219913059752271,0.9566758431402742,0.5014922483720542,1.0023,1,1.0023,6.0,inf
0.48060706716609886,-0.33643275701899944,-1.2421356208991134,3.405,1,3.405,6.0,inf
-0.8033961193011215,0.6977740687980345,-1.830860850785395,0.058199999999999995,1,0.058199999999999995,6.0,inf
-0.5886290064294677,0.9405219009248267,-1.1983858909890852,0.26189999999999997,1,0.26189999999999997,6.0,inf
-0.5572682443693042,0.6134272078755796,-0.7500749097976354,3.6176999999999997,1,3.6176999999999997,6.0,inf
-0.5573304851213294,-2.2866805896932814,0.005200060269506998,4.246499999999999,1,4.246499999999999,6.0,inf
-1.4838746371769511,-0.9646414904997308,-0.8593535783476811,2.8059,1,2.8059,6.0,inf
-1.3273575755624802,0.9677174468225175,-0.3514556118231214,1.3262999999999998,1,1.3262999999999998,6.0,inf
1.8403782184573318,-1.2877925767143472,0.16870621898334973,4.2783,1,4.2783,6.0,inf
1.100272042899849,1.4930824138420258,-0.24647412677286065,0.5138999999999999,1,0.5138999999999999,6.0,inf
0.11990712973553727,1.186448096559371,-0.717229292595644,2.3933999999999997,1,2.3933999999999997,6.0,inf
-0.3788848908113727,-1.7557978645746848,0.7841289708329913,2.082,1,2.082,6.0,inf
-0.7031179574951582,-0.5555981939178228,0.3712425617439925,3.639,1,3.639,6.0,inf
-1.3905526780313788,-0.07662538928684276,-1.0121834435782666,4.889399999999999,1,4.889399999999999,6.0,inf
0.2977191401456434,-0.5083761033716432,0.13535676851809428,3.7047,1,3.7047,6.0,inf
-0.9975805872187742,0.10275372079460228,0.5290019316480539,1.2917999999999998,1,1.2917999999999998,6.0,inf
0.779228587198704,0.7264119672882864,-0.4420464095031284,1.3277999999999999,1,1.3277999999999999,6.0,inf
-1.8831853577593496,-0.37951563644203795,-0.006296938721642327,3.3188999999999997,1,3.3188999999999997,6.0,inf
-0.0374636543000309,0.13633162494331882,-0.08386619243090479,4.5915,1,4.5915,6.0,inf
-0.32979133339130395,-1.0098265417170011,-0.1209141240520373,6.0,0,6.0111,6.0,inf
-0.9211837278658106,-2.0322503445063247,1.0201386689534246,6.0,0,8.0001,6.0,inf
0.16884259595351672,0.0552555199244822,-0.9457636243943272,2.9223,1,2.9223,6.0,inf
0.1776630136742321,0.9291180610209814,0.6216258815269331,1.2138,1,1.2138,6.0,inf
2.765074361206184,0.49989580127863775,0.38753422690723155,0.3822,1,0.3822,6.0,inf
-0.3845858479501215,-1.750231629461305,0.7129565527719636,1.1292,1,1.1292,6.0,inf
1.4562344253357977,0.10684307816728122,-0.8596199923978426,3.4749,1,3.4749,6.0,inf
-0.4305386455842815,0.7797105471071771,1.5114194166851518,1.8869999999999998,1,1.8869999999999998,6.0,inf
-0.16143182452793162,0.12037448644180072,-0.08465034971021965,3.9978,1,3.9978,6.0,inf
0.1555096342347339,1.5005824810200439,2.6146497549780015,1.1136,1,1.1136,6.0,inf
0.1793824257230621,-2.0107386195951182,-1.3838197662052116,4.5999,1,4.5999,6.0,inf
-0.693803232504713,-0.16163210981366288,-0.2009324223833118,5.078099999999999,1,5.078099999999999,6.0,inf
-0.0010613482915479808,0.3562873172033606,-0.14900781746933006,0.6872999999999999,1,0.6872999999999999,6.0,inf
-0.15769705648532795,-0.9571756699780207,0.03394589443517886,2.5326,1,2.5326,6.0,inf
2.6219173067275623,1.4629589737818807,0.8500230059772212,0.7598999999999999,1,0.7598999999999999,6.0,inf
-0.18784449203905887,-0.501496426914903,-0.44829226683903056,4.329,1,4.329,6.0,inf
-0.7111886953733331,0.38815633862587606,1.6297480741719559,1.8401999999999998,1,1.8401999999999998,6.0,inf
0.28190790119164566,-0.6187670487393209,-0.5634916398645661,3.7571999999999997,1,3.7571999999999997,6.0,inf
2.067892852297822,0.38876825275311155,-0.9631237536781994,0.8996999999999999,1,0.8996999999999999,6.0,inf
-0.314526901083074,-0.652090680055961,-1.6682930833400005,6.0,0,8.0001,6.0,inf
0.23921053050449312,-0.559579499877071,-0.6781483695291592,3.0725999999999996,1,3.0725999999999996,6.0,inf
-1.3088525026555327,1.815246157072122,-1.2995132219162764,1.7693999999999999,1,1.7693999999999999,6.0,inf
0.909043883143216,-0.5147001985207103,-0.04761460796367549,3.1487999999999996,1,3.1487999999999996,6.0,inf
0.8414101555351721,0.4813723515149323,-0.5584994890908938,2.8124999999999996,1,2.8124999999999996,6.0,inf
1.2850778744786275,0.6607102369465678,1.2385710909599992,1.5929999999999997,1,1.5929999999999997,6.0,inf
0.695373871420554,1.411608249843949,-0.4199186764069798,0.7964999999999999,1,0.7964999999999999,6.0,inf
1.4780686254838995,0.557231642658168,-0.7875496436799151,1.053,1,1.053,6.0,inf
1.3423751936539154,1.0286612457795778,0.8620716447541291,0.5159999999999999,1,0.5159999999999999,6.0,inf
-0.331306257919833,1.5145165431114966,1.772418803904904,1.1078999999999999,1,1.1078999999999999,6.0,inf
0.49981751219683934,-0.12056691120844658,0.5191909718319538,2.2556999999999996,1,2.2556999999999996,6.0,inf
-0.6502511872159219,0.6543409524442765,-0.8589445557268429,0.34709999999999996,1,0.34709999999999996,6.0,inf
2.6542720364540453,-0.5587625151141401,0.07482403720941926,1.5680999999999998,1,1.5680999999999998,6.0,inf
-0.615108020840353,0.734720093543396,0.3099936949034878,0.5457,1,0.5457,6.0,inf
-0.6849923802180218,0.5496116607512601,1.0967696127534938,2.4861,1,2.4861,6.0,inf
0.1380215472001974,0.7928085958981413,1.4504465968876483,0.9638999999999999,1,0.9638999999999999,6.0,inf
1.3410366202222885,-0.3245951926635428,-0.7039762325250744,0.37739999999999996,1,0.37739999999999996,6.0,inf
-1.0410367381957841,-0.37574800006692277,-2.175485754489478,5.124,1,5.124,6.0,inf
-0.665184709886981,-0.5320238864473827,1.8809344121479976,1.8921,1,1.8921,6.0,inf
-0.6349983222792291,-0.24906651474998362,-0.391635772120452,6.0,0,6.7707,6.0,inf
1.7573822502315295,-0.9885966545812357,-0.24011753288091814,2.5578,1,2.5578,6.0,inf
0.20888523027922457,1.1434387080120003,0.7732032358065193,1.5426,1,1.5426,6.0,inf
0.12694881012012174,-1.4514588492053102,0.7075770122988069,2.574,1,2.574,6.0,inf
-0.17486405339491315,-1.0743054339793803,0.5185621802377625,4.2242999999999995,1,4.2242999999999995,6.0,inf
2.5295417594670124,0.7404207810219932,-0.08239183585057393,1.1429999999999998,1,1.1429999999999998,6.0,inf
-0.8513571298171841,0.23326623577238365,-0.677162841261958,6.0,0,7.6655999999999995,6.0,inf
1.136825197072895,0.8438219055201913,-0.3589047015295127,0.9339,1,0.9339,6.0,inf
0.9486266155998615,-0.11760737680591676,-0.7561851129020469,2.7657,1,2.7657,6.0,inf
-0.7424645880866806,-0.40462666240279754,-1.659555799283453,6.0,0,6.772499999999999,6.0,inf
0.7745894779525613,-0.39903080161212,0.5105938491317679,0.8007,1,0.8007,6.0,inf
0.9978996598376809,0.05169075146236123,0.27848783070413125,1.1439,1,1.1439,6.0,inf
-0.6494852056402294,1.0584228545917762,0.9258744716528651,1.2045,1,1.2045,6.0,inf
1.20972551414265,0.5342725287841071,-0.8456440684227272,0.7401,1,0.7401,6.0,inf
-0.34551901464706547,-0.6704155334247316,0.32514109690917,6.0,0,6.341399999999999,6.0,inf
-1.204611758928272,-1.285056065551856,1.8293958635862186,1.2924,1,1.2924,6.0,inf
-0.33630894862452804,-1.188129654496298,0.8282829707336136,0.7187999999999999,1,0.7187999999999999,6.0,inf
0.5246772407417349,0.9305341652395293,1.6947488400453596,0.9995999999999999,1,0.9995999999999999,6.0,inf
-0.9443592839566052,-0.32987638929389096,-0.3258046244802206,1.3092,1,1.3092,6.0,inf
0.47016597443600106,-0.6474807323602948,1.5206436410546549,2.6906999999999996,1,2.6906999999999996,6.0,inf
0.4411755555629369,0.21939594321256042,0.21884794956286066,0.5436,1,0.5436,6.0,inf
-0.9020206602197159,-0.9943734641041856,0.27010010885890207,1.9007999999999998,1,1.9007999999999998,6.0,inf
-0.09176274408593944,0.8555810581192692,-0.41131790110541,3.2234999999999996,1,3.2234999999999996,6.0,inf
-0.6552136559420222,0.5770642489401362,0.41663823995555493,1.3724999999999998,1,1.3724999999999998,6.0,inf
-0.3899113169502948,0.8066272037038631,-0.3198346480005122,1.9742999999999997,1,1.9742999999999997,6.0,inf
0.06861692812122991,0.8980210985217807,-1.2117439843421085,1.4925,1,1.4925,6.0,inf
0.2903180025941037,-0.023443270566947998,-0.3771373586893828,0.3342,1,0.3342,6.0,inf
-0.3705180130329556,-0.9369651462516935,-0.15399201752855618,2.4242999999999997,1,2.4242999999999997,6.0,inf
-0.4654490573138942,-0.8811355200359758,0.23385414886372113,3.3305999999999996,1,3.3305999999999996,6.0,inf
0.4194317442110023,0.4658521247660151,-0.7940591130841427,2.6369999999999996,1,2.6369999999999996,6.0,inf
-1.3640968457243876,-0.468567266252888,-2.942763217561006,0.5360999999999999,1,0.5360999999999999,6.0,inf
0.06603892530135233,0.2575243118908569,-1.1748167052174001,4.8141,1,4.8141,6.0,inf
0.47847921301647306,-0.06773846188084175,0.05817271802240701,4.6518,1,4.6518,6.0,inf
0.6408482982396653,-0.45733147464484036,-0.4858895837263841,3.3863999999999996,1,3.3863999999999996,6.0,inf
-0.14508012179156773,-0.5296011190432947,0.8650737418921591,0.7298999999999999,1,0.7298999999999999,6.0,inf
1.1412017647660322,1.0727239502342019,1.4937442254400044,0.8690999999999999,1,0.8690999999999999,6.0,inf
0.36674319341489964,0.16620214607588915,-1.1061698077039013,0.7466999999999999,1,0.7466999999999999,6.0,inf
0.7414297312923708,0.7843677271961744,-1.7451874220793935,1.4727,1,1.4727,6.0,inf
-1.2872361576921458,-0.35284904345281154,0.4379889238731921,6.0,0,8.0001,6.0,inf
-1.2530632650737201,1.3468697937934893,0.03331777887000748,0.5300999999999999,1,0.5300999999999999,6.0,inf
-1.5745772112448162,-0.9394084483147506,-0.11846694740811295,6.0,0,8.0001,6.0,inf
-0.7459633606755149,-0.8508473168883229,-1.1461066883537359,1.6871999999999998,1,1.6871999999999998,6.0,inf
-0.40433658531318456,-1.1007932032663037,0.4452880208449348,4.3461,1,4.3461,6.0,inf
-1.5474379942901801,-0.47533211199152947,-0.5299488225187512,3.8507999999999996,1,3.8507999999999996,6.0,inf
0.013146466943647421,-1.185497148629972,-0.39054461457665013,6.0,0,7.4666999999999994,6.0,inf
-0.03062758974139928,0.3790816846067556,-0.39639891656148873,1.2695999999999998,1,1.2695999999999998,6.0,inf
-1.0829526637983358,1.036362162875469,1.2424901303485687,1.5369,1,1.5369,6.0,inf
-0.8546368951695622,0.4234000133945569,-1.0875800152160444,6.0,0,8.0001,6.0,inf
0.2480582643347083,-0.6539479451111109,0.5509098514760755,2.5359,1,2.5359,6.0,inf
0.2853884082471484,0.661826115157198,0.17595097278231994,3.5408999999999997,1,3.5408999999999997,6.0,inf
0.506435548562716,1.251965538261613,-0.8366832055312302,0.5748,1,0.5748,6.0,inf
0.41846625491910633,1.0546728887574748,0.20530640942289602,1.3364999999999998,1,1.3364999999999998,6.0,inf
-1.1812234033938933,1.1788557905908663,-1.4038357104713237,6.0,0,8.0001,6.0,inf
0.23927554970979267,-1.4913885731565466,-0.6925664891269088,3.2916,1,3.2916,6.0,inf
-1.0422269950510559,-0.3079623986992872,-0.8251215184585053,3.9926999999999997,1,3.9926999999999997,6.0,inf
0.37729649484197814,-0.3971786982330611,1.24944550445849,5.2494,1,5.2494,6.0,inf
0.5209563410808851,0.098608539519938,1.781091715044658,1.2212999999999998,1,1.2212999999999998,6.0,inf
1.1934839259032455,0.2750205854086942,-1.0557168779937967,2.0084999999999997,1,2.0084999999999997,6.0,inf
-0.6261117571616703,-0.10406470159186015,-0.1618653027649375,2.2026,1,2.2026,6.0,inf
-1.1812674446445275,0.6649242345748745,-2.34559157942808,6.0,0,8.0001,6.0,inf
-0.8515613063647408,0.2269968796595406,1.2363912961003334,1.8470999999999997,1,1.8470999999999997,6.0,inf
0.16931756588369082,1.4599332798355964,0.7188816899653805,0.3615,1,0.3615,6.0,inf
-0.33311531414545154,0.47465383010106976,1.7460879072362485,1.0689,1,1.0689,6.0,inf
1.1966991444378616,-0.3190152469746088,-1.1960575291525954,3.5852999999999997,1,3.5852999999999997,6.0,inf
-1.3441800597897777,0.6933032664849105,0.2745815021911563,6.0,0,8.0001,6.0,inf
-0.34096629412080776,-1.0910265997309283,1.3982964828611921,6.0,0,8.0001,6.0,inf
-0.9509218519558803,0.4932823742352846,0.5253962183403879,3.3821999999999997,1,3.3821999999999997,6.0,inf
-0.13814962568308048,0.23069783607307867,-0.7116942291919236,1.1919,1,1.1919,6.0,inf
0.04534988786680294,1.4740635171248655,-0.5523555258218087,2.5925999999999996,1,2.5925999999999996,6.0,inf
-0.17869107089600142,-0.7721689947018385,0.8152575481433498,3.1403999999999996,1,3.1403999999999996,6.0,inf
0.061025420582712334,0.3939188873387951,-0.18418099458067802,2.1048,1,2.1048,6.0,inf
0.4804076135378379,1.3329417865022135,-0.22929039938345833,0.3999,1,0.3999,6.0,inf
1.1917261875157645,-0.48195929230659745,-1.5934448327504198,1.9892999999999998,1,1.9892999999999998,6.0,inf
0.45960070996772645,-1.4110910290202616,0.6332031682433417,6.0,0,6.0447,6.0,inf
-1.0229479385930738,1.0432549741010346,-0.15322335128821749,0.8252999999999999,1,0.8252999999999999,6.0,inf
-0.2701487698644386,1.0173240977055533,0.207212827123399,1.8329999999999997,1,1.8329999999999997,6.0,inf
0.7593773989000225,1.5297045336890611,0.5586465109663538,0.7011,1,0.7011,6.0,inf
-0.18366983287237906,1.0317857785908555,-0.6402577820881216,2.3249999999999997,1,2.3249999999999997,6.0,inf
1.2888462218693157,-0.6934174249727462,-0.7027707555142843,1.4178,1,1.4178,6.0,inf
0.27956309751922287,0.22374049056600745,-0.1142044303203774,1.9508999999999999,1,1.9508999999999999,6.0,inf
0.24646248326792497,0.3160644581736211,-0.5768586267921259,6.0,0,8.0001,6.0,inf
1.2623425159323896,0.5539458468576831,-1.443877547176604,1.4646,1,1.4646,6.0,inf
-1.5891445152440304,-0.6854999474847614,-0.7183894152752581,6.0,0,7.868999999999999,6.0,inf
1.1490639480331963,-0.24499198886018103,-1.4731938440676982,3.0801,1,3.0801,6.0,inf
1.3249432779718362,-0.6918535838524306,0.027978014927235364,2.9297999999999997,1,2.9297999999999997,6.0,inf
-0.31146594693847357,2.152250730078193,0.9121680012019118,0.8468999999999999,1,0.8468999999999999,6.0,inf
-0.13292609632801172,1.467399304065848,0.49434632813107604,2.1921,1,2.1921,6.0,inf
0.22295475338757503,0.6947455500314434,1.2969890330063534,1.2267,1,1.2267,6.0,inf
0.5896150320745078,0.0003369402346294504,-0.5692727257122137,1.5567,1,1.5567,6.0,inf
-0.46457571294086286,-0.5235822832108528,0.6117121031649647,3.6405,1,3.6405,6.0,inf
0.2652004878993241,1.6843798359949187,-1.9977974407698136,0.4347,1,0.4347,6.0,inf
0.4634523645876857,0.18102045609157244,-1.8825384299733936,1.1732999999999998,1,1.1732999999999998,6.0,inf
-1.1536488903518642,1.0662082578651502,0.6746794462962475,4.056,1,4.056,6.0,inf
-0.7095162858899158,0.5592426337351795,2.1919539865388047,1.2006,1,1.2006,6.0,inf
0.7379325278993133,0.8060585346745054,1.5748645855729833,1.5426,1,1.5426,6.0,inf
-1.0627956848431774,-0.0164112926666745,0.18689157547073443,2.0928,1,2.0928,6.0,inf
0.5594064025658526,0.9879125926530228,0.32186255926560975,1.5461999999999998,1,1.5461999999999998,6.0,inf
-0.8726491787931273,1.1755971483591001,-1.4917820316483528,6.0,0,6.8961,6.0,inf
-0.3741015431040504,-0.46239143311994363,0.22471309859429828,1.9454999999999998,1,1.9454999999999998,6.0,inf
-1.032981143575233,-0.426617070056612,-0.1727603799931664,0.6944999999999999,1,0.6944999999999999,6.0,inf
-0.7700717215031065,-1.083686671539017,-1.133101084658868,3.5574,1,3.5574,6.0,inf
-0.1734202487181446,-1.4562586576192362,1.8010611749155667,1.5066,1,1.5066,6.0,inf
-0.0701673013356461,-0.11730160096112381,0.3773951747075176,2.7228,1,2.7228,6.0,inf
-0.6856676669411884,-0.17753705647545953,-0.2493918861817187,3.9189,1,3.9189,6.0,inf
1.0291276623480206,2.311858535922835,0.6155568083532533,0.31379999999999997,1,0.31379999999999997,6.0,inf
0.23223054471985197,1.0709883372177773,-0.49315510686027936,2.3270999999999997,1,2.3270999999999997,6.0,inf
0.09064157613902624,0.21471427996376388,1.5636692966116952,2.2836,1,2.2836,6.0,inf
-0.8211097182278714,-1.2286711084617277,0.7082803339819679,6.0,0,6.985499999999999,6.0,inf
-0.3617063178198724,1.1445732579881283,0.6610689869575969,0.5325,1,0.5325,6.0,inf
1.2315418538711214,1.3031509886196984,0.6377848956197324,2.904,1,2.904,6.0,inf
-0.42678746033597753,0.5880409289970152,-0.36445294461444017,0.8382,1,0.8382,6.0,inf
0.5356172189656797,0.4532008099575782,-0.526929636516825,0.5688,1,0.5688,6.0,inf
-0.8932117378378785,-0.6509849680014986,0.4893287293840137,6.0,0,7.2741,6.0,inf
0.526166338173874,0.45400445011378127,0.38124637630004143,0.48119999999999996,1,0.48119999999999996,6.0,inf
1.976670693191291,0.18149060952224452,0.00021477658284418843,2.5134,1,2.5134,6.0,inf
1.6711706389729006,0.03230880449268456,-0.7299597920850537,1.1042999999999998,1,1.1042999999999998,6.0,inf
-1.1395539788344944,0.2686475312773033,0.26655420030805344,2.5454999999999997,1,2.5454999999999997,6.0,inf
0.7547935228340521,0.1769442465028629,-0.7348077845618665,2.1483,1,2.1483,6.0,inf
-1.6111425962401973,-0.8450803057332305,0.10657652318737323,1.6286999999999998,1,1.6286999999999998,6.0,inf
-0.18369482168408727,0.7442180292385357,-0.11541581126022951,1.3931999999999998,1,1.3931999999999998,6.0,inf
1.3748234241951365,-1.1340047091035124,-0.7182076240100168,5.5035,1,5.5035,6.0,inf
0.23750984231906447,-1.2881785194627549,0.6458335104521125,5.553599999999999,1,5.553599999999999,6.0,inf
-1.2230020092955929,0.8582899131242546,-0.68681517505648,5.471399999999999,1,5.471399999999999,6.0,inf
1.433386607332056,0.08458617341483798,0.5856043892651221,0.14309999999999998,1,0.14309999999999998,6.0,inf
-0.3377156737949385,0.7793108207863723,1.2547067031601868,0.9815999999999999,1,0.9815999999999999,6.0,inf
0.2548057465931473,1.5706006448299508,-0.8220115470114814,0.8453999999999999,1,0.8453999999999999,6.0,inf
-0.13520402061357797,0.23666913891252556,-0.7198994517748903,1.2872999999999999,1,1.2872999999999999,6.0,inf
0.4371077265316175,-0.46577587819370025,-0.18740410274942867,1.7903999999999998,1,1.7903999999999998,6.0,inf
-1.0678885517724368,-1.0843958704434495,0.8795633888616893,6.0,0,8.0001,6.0,inf
0.9650621073652592,1.3825327355927977,0.6592544408089109,0.045,1,0.045,6.0,inf
0.5249249863655137,0.07533436821939576,-0.4084641871932148,2.2769999999999997,1,2.2769999999999997,6.0,inf
-1.3590734237847828,1.8110199700383025,-0.29265523350806055,1.3706999999999998,1,1.3706999999999998,6.0,inf
0.45085484945161375,1.2616295057609113,0.8071913367107741,1.7628,1,1.7628,6.0,inf
-0.9893781679429317,-0.6373027510422672,1.1659816320294536,2.2095,1,2.2095,6.0,inf
-0.7011301822762706,0.36738847568285404,0.12963870947135192,4.9764,1,4.9764,6.0,inf
0.6172009509986193,-0.16037531809969624,0.8239094893849421,3.1026,1,3.1026,6.0,inf
0.02269498460449201,0.7266932432866725,-1.6871520273605707,0.9455999999999999,1,0.9455999999999999,6.0,inf
-0.7757081405012227,-0.7557564675787928,0.7070963539904426,6.0,0,7.818899999999999,6.0,inf
-1.7992282335804455,-0.9456038951670819,-0.13684148945273125,6.0,0,8.0001,6.0,inf
0.5693637550237817,-1.52752514743696,2.1949243348044156,0.3867,1,0.3867,6.0,inf
0.9208039812419254,-0.905282391522452,-0.24302686374231042,1.6553999999999998,1,1.6553999999999998,6.0,inf
-0.13238737437414383,-2.1189629318368612,-0.7217790549923199,6.0,0,8.0001,6.0,inf
-1.175573130397802,-0.9587511981171352,-0.9962824702275246,6.0,0,8.0001,6.0,inf
1.4749627590457677,0.026003965129955824,0.657896397450469,0.09029999999999999,1,0.09029999999999999,6.0,inf
0.7066118313275899,-1.0816811267611297,-0.36550714739609586,1.0997999999999999,1,1.0997999999999999,6.0,inf
2.1547280887128673,0.4594463466198101,-0.013475210897487294,0.8030999999999999,1,0.8030999999999999,6.0,inf
-0.8663542147843121,0.17254252297483105,-0.781351563484118,1.9547999999999999,1,1.9547999999999999,6.0,inf
-1.2380187354865613,-0.8187764952728225,-0.9981513211337706,4.449,1,4.449,6.0,inf
-1.116312262233879,-0.7207989518669325,-1.0494533924107778,6.0,0,8.0001,6.0,inf
1.1145091741082105,-1.105000041060934,0.6942607789686664,1.0326,1,1.0326,6.0,inf
-0.47963054980162806,0.44188510628966643,-0.7325628455605093,6.0,0,8.0001,6.0,inf
-1.2862114241347364,-0.8883276127182832,2.2190671498075796,6.0,0,8.0001,6.0,inf
0.7471294004878942,1.2183002345111447,0.7811963199492081,0.9933,1,0.9933,6.0,inf
1.4690070056861586,0.566515333742539,-1.2696330610971183,3.1535999999999995,1,3.1535999999999995,6.0,inf
1.6625515371228847,-0.08661089898738875,1.9585121168389665,1.4327999999999999,1,1.4327999999999999,6.0,inf
0.6389558073146914,-0.08893033035208998,0.8189320663281351,1.8725999999999998,1,1.8725999999999998,6.0,inf
0.7521161109813036,1.986325288603573,0.5517298193133218,0.0939,1,0.0939,6.0,inf
0.5969869775610094,-1.7914210385520866,0.7779448694986998,2.5349999999999997,1,2.5349999999999997,6.0,inf
-1.2160637298169623,0.8825865484131408,-0.20822257456364954,2.5256999999999996,1,2.5256999999999996,6.0,inf
-0.6680459142402683,-0.14265589327007375,-0.7161809722621918,6.0,0,6.853199999999999,6.0,inf
-1.2552539762534254,0.3092615619237486,-1.210621938239684,2.5818,1,2.5818,6.0,inf
-0.009971236001142681,-2.1300138164127946,-0.6457018012776239,4.494599999999999,1,4.494599999999999,6.0,inf
0.873087294594354,1.1621500862558813,-0.03149075350444912,2.3438999999999997,1,2.3438999999999997,6.0,inf
-0.8508721104389724,0.3914450781748516,0.015283381167219572,6.0,0,8.0001,6.0,inf
-0.5711709308209395,0.8871355945577696,-0.22572022095336808,6.0,0,6.0684,6.0,inf
0.925480283452605,-0.7116997101045254,-0.16543410523159122,1.0554,1,1.0554,6.0,inf
1.5200326089618401,0.0776992739266778,0.3073423599703579,1.4502,1,1.4502,6.0,inf
0.8759230929952847,0.6964073755523591,1.0759476890201756,1.5683999999999998,1,1.5683999999999998,6.0,inf
-0.30213156416399284,1.345468378195812,0.5585548325019761,6.0,0,7.3515,6.0,inf
0.629048090369564,-0.5755849095371974,-1.1693173930694114,4.6014,1,4.6014,6.0,inf
-1.2408133009615234,1.692876260580025,-1.7465635706591272,6.0,0,8.0001,6.0,inf
2.3492196670923944,1.0030691844685902,-1.128734141612875,2.0448,1,2.0448,6.0,inf
1.0410647437515677,-0.32123952669938216,-0.4186614828024662,2.1879,1,2.1879,6.0,inf
-2.4366533205569727,0.39464933154799287,-1.7395152846508948,6.0,0,8.0001,6.0,inf
0.09220932871024498,1.2303883808389438,0.28116632948644577,1.0854,1,1.0854,6.0,inf
0.8506370445836201,0.600527034549762,-0.45671111055921326,2.8505999999999996,1,2.8505999999999996,6.0,inf
-1.8553542383586898,1.8071269155981446,-0.10274812206259214,1.3449,1,1.3449,6.0,inf
-0.07325871609083784,-0.8441358208388944,-1.1922146772013082,3.2030999999999996,1,3.2030999999999996,6.0,inf
-1.538638673140893,0.7978766995455316,-2.195301246451229,3.3086999999999995,1,3.3086999999999995,6.0,inf
0.208890704719991,0.5297168208081935,1.3732714047185823,1.3862999999999999,1,1.3862999999999999,6.0,inf
-0.6827430383360334,2.5735866404420884,-1.656026334987261,3.1323,1,3.1323,6.0,inf
0.19991818504112882,-1.2569118694737884,-1.46077619353572,1.4993999999999998,1,1.4993999999999998,6.0,inf
-0.7970745470453956,-0.8150995138291218,1.0211239430354957,5.4620999999999995,1,5.4620999999999995,6.0,inf
-0.2754303946463157,-1.2034235324707916,-2.384859656089397,4.2216,1,4.2216,6.0,inf
0.8798473619840248,-0.16411428311678133,-0.36522432054082044,4.0008,1,4.0008,6.0,inf
-0.6404043187108363,1.1612037312309442,1.7253367923090719,1.7882999999999998,1,1.7882999999999998,6.0,inf
0.8320556873568097,2.135788475425447,-0.832604985522988,2.2215,1,2.2215,6.0,inf
1.1268700337058277,-0.8294105501103112,-1.2674572407814217,1.293,1,1.293,6.0,inf
-1.0162936711690467,0.29339171994174035,-0.0015130615163289026,0.41579999999999995,1,0.41579999999999995,6.0,inf
-0.9967470984422218,-1.4580636473002437,-0.2257284990694707,6.0,0,6.953399999999999,6.0,inf
-2.8135977319589442,1.2040316836063678,-0.9828958315543883,1.5729,1,1.5729,6.0,inf
0.6149442162148161,0.9479451881503209,-0.32660361772535135,0.819,1,0.819,6.0,inf
0.5731603409490676,1.6444494592256824,1.7665775236418853,1.1028,1,1.1028,6.0,inf
-1.2315162136952926,0.5430867301219535,0.03932057025001837,1.2204,1,1.2204,6.0,inf
