method,data_name,scenario,seed,lambda_fuse,cv_mean_c_td,c_td_train,c_td_test,converged,rmise,true_positive,detected,truth,result_path,selected_at_local_boundary
coarse_cv,fine_grid_seed_42,fine_grid,42,0.1,0.7191873385042463,0.7217187245458726,0.6964247042719677,True,0.13396907104380804,2,2,4,pilot_cv_refit/adaptive_rho_normalized_stagnation_escape_newton5/fine_grid_seed_42/lambda_0.1/result.json,False
coarse_cv,fine_grid_seed_43,fine_grid,43,0.03,0.7037987122488121,0.7070859181903001,0.7156666489997106,True,0.08078965060706905,3,10,4,pilot_cv_refit/adaptive_rho_normalized_stagnation_escape_newton5/fine_grid_seed_43/lambda_0.03/result.json,False
coarse_cv,fine_grid_seed_44,fine_grid,44,0.1,0.6927259065706634,0.6927977562264105,0.7003905690857412,True,0.1359821959839862,2,2,4,pilot_cv_refit/adaptive_rho_normalized_stagnation_escape_newton5/fine_grid_seed_44/lambda_0.1/result.json,False
coarse_cv,fine_grid_seed_45,fine_grid,45,0.03,0.688997800154096,0.6914811081584654,0.7058148509635607,True,0.0897926684219668,4,7,4,pilot_cv_refit/adaptive_rho_normalized_stagnation_escape_newton5/fine_grid_seed_45/lambda_0.03/result.json,False
coarse_cv,fine_grid_seed_46,fine_grid,46,0.01,0.7110352126040693,0.7155395246071204,0.692420936728993,True,0.07910739263112583,4,31,4,pilot_cv_refit/adaptive_rho_normalized_stagnation_escape_newton5/fine_grid_seed_46/lambda_0.01/result.json,False
coarse_cv,fine_grid_seed_47,fine_grid,47,0.001,0.6965892556296822,0.7008195216669454,0.686469592500696,True,0.11051914167200282,4,33,4,pilot_cv_refit/adaptive_rho_normalized_stagnation_escape_newton5/fine_grid_seed_47/lambda_0.001/result.json,False
coarse_cv,fine_grid_seed_48,fine_grid,48,0.03,0.7090681386395545,0.710805949963439,0.7122767592171888,True,0.10582507403593616,2,4,4,pilot_cv_refit/adaptive_rho_normalized_stagnation_escape_newton5/fine_grid_seed_48/lambda_0.03/result.json,False
coarse_cv,fine_grid_seed_49,fine_grid,49,0.0,0.7076647098731659,0.7093547590323325,0.6891616041355029,True,0.236578978911971,4,33,4,pilot_cv_refit/adaptive_rho_normalized_stagnation_escape_newton5/fine_grid_seed_49/lambda_0/result.json,False
coarse_cv,fine_grid_seed_50,fine_grid,50,0.03,0.7099794452344741,0.7117117117117117,0.7026995597302073,True,0.11064795755782332,4,13,4,pilot_cv_refit/adaptive_rho_normalized_stagnation_escape_newton5/fine_grid_seed_50/lambda_0.03/result.json,False
coarse_cv,fine_grid_seed_51,fine_grid,51,0.03,0.7135092540123423,0.7164550894278299,0.6955690175824221,True,0.07455748994343088,4,12,4,pilot_cv_refit/adaptive_rho_normalized_stagnation_escape_newton5/fine_grid_seed_51/lambda_0.03/result.json,False
coarse_cv,fine_grid_seed_52,fine_grid,52,0.03,0.718001580559191,0.7181720128611572,0.7077777438123478,True,0.0763961171459589,4,31,4,pilot_cv_refit/adaptive_rho_normalized_stagnation_escape_newton5/fine_grid_seed_52/lambda_0.03/result.json,False
coarse_cv,fine_grid_seed_53,fine_grid,53,0.03,0.7023728122616334,0.7056469140865286,0.699506905370844,True,0.10439503093410209,4,32,4,pilot_cv_refit/adaptive_rho_normalized_stagnation_escape_newton5/fine_grid_seed_53/lambda_0.03/result.json,False
coarse_cv,fine_grid_seed_54,fine_grid,54,0.03,0.7231584986515616,0.7222484144586612,0.7009247189180381,True,0.0751887870070136,4,26,4,pilot_cv_refit/adaptive_rho_normalized_stagnation_escape_newton5/fine_grid_seed_54/lambda_0.03/result.json,False
coarse_cv,fine_grid_seed_55,fine_grid,55,0.03,0.7126567649065184,0.7143400976268689,0.7071458840978917,True,0.06697908974226718,4,17,4,pilot_cv_refit/adaptive_rho_normalized_stagnation_escape_newton5/fine_grid_seed_55/lambda_0.03/result.json,False
coarse_cv,fine_grid_seed_56,fine_grid,56,0.03,0.7068725792295366,0.7082569106486349,0.6991272308859892,True,0.0881280512684463,4,32,4,pilot_cv_refit/adaptive_rho_normalized_stagnation_escape_newton5/fine_grid_seed_56/lambda_0.03/result.json,False
coarse_cv,fine_grid_seed_57,fine_grid,57,0.01,0.6983425560739079,0.7016457506021909,0.7109676542818502,True,0.11541082053461289,4,21,4,pilot_cv_refit/adaptive_rho_normalized_stagnation_escape_newton5/fine_grid_seed_57/lambda_0.01/result.json,False
coarse_cv,fine_grid_seed_58,fine_grid,58,0.1,0.6898667411873076,0.690609322795738,0.7017798342575251,True,0.15118841480474102,2,2,4,pilot_cv_refit/adaptive_rho_normalized_stagnation_escape_newton5/fine_grid_seed_58/lambda_0.1/result.json,False
coarse_cv,fine_grid_seed_59,fine_grid,59,0.03,0.7055139854755521,0.7083004452385178,0.7075905368255291,True,0.06824251019865409,3,25,4,pilot_cv_refit/adaptive_rho_normalized_stagnation_escape_newton5/fine_grid_seed_59/lambda_0.03/result.json,False
coarse_cv,fine_grid_seed_60,fine_grid,60,0.1,0.6871353970095925,0.6912806995352481,0.7109305162158694,True,0.12240215666343043,2,2,4,pilot_cv_refit/adaptive_rho_normalized_stagnation_escape_newton5/fine_grid_seed_60/lambda_0.1/result.json,False
coarse_cv,fine_grid_seed_61,fine_grid,61,0.01,0.7248961735665796,0.7258408806135235,0.696617639228504,True,0.24695793834773105,4,33,4,pilot_cv_refit/adaptive_rho_normalized_stagnation_escape_newton5/fine_grid_seed_61/lambda_0.01/result.json,False
coarse_cv,no_change_seed_42,no_change,42,0.01,0.6878712856710333,0.6879208439706583,0.6657262490345136,True,0.06925915203727726,0,31,0,pilot_cv_refit/adaptive_rho_normalized_stagnation_escape_newton5/no_change_seed_42/lambda_0.01/result.json,False
coarse_cv,no_change_seed_43,no_change,43,0.03,0.6740852691362804,0.6752421497989106,0.6818686642889944,True,0.026488989208081973,0,3,0,pilot_cv_refit/adaptive_rho_normalized_stagnation_escape_newton5/no_change_seed_43/lambda_0.03/result.json,False
coarse_cv,no_change_seed_44,no_change,44,0.25,0.6533192669628776,0.6534668496544689,0.6662887247091028,True,0.04090071423042312,0,0,0,pilot_cv_refit/adaptive_rho_normalized_stagnation_escape_newton5/no_change_seed_44/lambda_0.25/result.json,False
coarse_cv,no_change_seed_45,no_change,45,0.1,0.6524625200759315,0.6548287146566502,0.6666808882387599,True,0.027203807743069686,0,0,0,pilot_cv_refit/adaptive_rho_normalized_stagnation_escape_newton5/no_change_seed_45/lambda_0.1/result.json,False
coarse_cv,no_change_seed_46,no_change,46,0.25,0.6689656525657571,0.6698649436455499,0.6542927993452109,True,0.024982206852574924,0,0,0,pilot_cv_refit/adaptive_rho_normalized_stagnation_escape_newton5/no_change_seed_46/lambda_0.25/result.json,False
coarse_cv,no_change_seed_47,no_change,47,0.25,0.6633715891020593,0.6642052512447237,0.6597915104823784,True,0.012218692779375408,0,0,0,pilot_cv_refit/adaptive_rho_normalized_stagnation_escape_newton5/no_change_seed_47/lambda_0.25/result.json,False
coarse_cv,no_change_seed_48,no_change,48,0.1,0.6715003110520174,0.6740002924784297,0.682098941136286,True,0.02351461302552794,0,0,0,pilot_cv_refit/adaptive_rho_normalized_stagnation_escape_newton5/no_change_seed_48/lambda_0.1/result.json,False
coarse_cv,no_change_seed_49,no_change,49,0.25,0.6720687774796724,0.6718370162943123,0.6529195954611127,True,0.02263109688696647,0,0,0,pilot_cv_refit/adaptive_rho_normalized_stagnation_escape_newton5/no_change_seed_49/lambda_0.25/result.json,False
coarse_cv,no_change_seed_50,no_change,50,0.25,0.663133314491809,0.6656331420501124,0.6652055426877662,True,0.027459036403217178,0,0,0,pilot_cv_refit/adaptive_rho_normalized_stagnation_escape_newton5/no_change_seed_50/lambda_0.25/result.json,False
coarse_cv,no_change_seed_51,no_change,51,0.25,0.6758412105320245,0.6789484810172896,0.659461099034427,True,0.03483565816015756,0,0,0,pilot_cv_refit/adaptive_rho_normalized_stagnation_escape_newton5/no_change_seed_51/lambda_0.25/result.json,False
coarse_cv,no_change_seed_52,no_change,52,0.0001,0.6784439520088886,0.6839114560023977,0.6699614740232936,True,0.09742588449048124,0,33,0,pilot_cv_refit/adaptive_rho_normalized_stagnation_escape_newton5/no_change_seed_52/lambda_0.0001/result.json,False
coarse_cv,no_change_seed_53,no_change,53,0.1,0.6610795166487067,0.66131592551671,0.6620260109733794,True,0.036084667225768544,0,0,0,pilot_cv_refit/adaptive_rho_normalized_stagnation_escape_newton5/no_change_seed_53/lambda_0.1/result.json,False
coarse_cv,no_change_seed_54,no_change,54,0.25,0.6834401455823247,0.6831875864313024,0.6694198153866077,True,0.029582256036720066,0,0,0,pilot_cv_refit/adaptive_rho_normalized_stagnation_escape_newton5/no_change_seed_54/lambda_0.25/result.json,False
coarse_cv,no_change_seed_55,no_change,55,0.25,0.6844317708117392,0.6848839405193893,0.6710068953252444,True,0.016979599222116223,0,0,0,pilot_cv_refit/adaptive_rho_normalized_stagnation_escape_newton5/no_change_seed_55/lambda_0.25/result.json,False
coarse_cv,no_change_seed_56,no_change,56,0.01,0.6689970321853309,0.6726691203130729,0.6565840949287973,True,0.20946999066294963,0,25,0,pilot_cv_refit/adaptive_rho_normalized_stagnation_escape_newton5/no_change_seed_56/lambda_0.01/result.json,False
coarse_cv,no_change_seed_57,no_change,57,0.25,0.6675046907044775,0.6675540981477573,0.6776403374796834,True,0.01600543647432465,0,0,0,pilot_cv_refit/adaptive_rho_normalized_stagnation_escape_newton5/no_change_seed_57/lambda_0.25/result.json,False
coarse_cv,no_change_seed_58,no_change,58,0.25,0.6551707565194373,0.6548381285133896,0.6728333198084882,True,0.02449453075396815,0,0,0,pilot_cv_refit/adaptive_rho_normalized_stagnation_escape_newton5/no_change_seed_58/lambda_0.25/result.json,False
coarse_cv,no_change_seed_59,no_change,59,0.25,0.6697410430718724,0.671451594616045,0.6742252609844698,True,0.007626395811743439,0,0,0,pilot_cv_refit/adaptive_rho_normalized_stagnation_escape_newton5/no_change_seed_59/lambda_0.25/result.json,False
coarse_cv,no_change_seed_60,no_change,60,0.01,0.6553415401573675,0.6579349730151176,0.6763323791548919,True,0.16093541791787505,0,32,0,pilot_cv_refit/adaptive_rho_normalized_stagnation_escape_newton5/no_change_seed_60/lambda_0.01/result.json,False
coarse_cv,no_change_seed_61,no_change,61,0.03,0.6981289063134891,0.6994957498334065,0.6707400428769327,True,0.0810007944585239,0,6,0,pilot_cv_refit/adaptive_rho_normalized_stagnation_escape_newton5/no_change_seed_61/lambda_0.03/result.json,False
coarse_cv,off_grid_seed_42,off_grid,42,0.03,0.7164339203811958,0.7179290093246098,0.6926522400710777,True,0.09265059463462182,3,8,4,pilot_cv_refit/adaptive_rho_normalized_stagnation_escape_newton5/off_grid_seed_42/lambda_0.03/result.json,False
coarse_cv,off_grid_seed_43,off_grid,43,0.03,0.6959290494624752,0.697499187649825,0.7045091226438948,True,0.10564292925815277,4,14,4,pilot_cv_refit/adaptive_rho_normalized_stagnation_escape_newton5/off_grid_seed_43/lambda_0.03/result.json,False
coarse_cv,off_grid_seed_44,off_grid,44,0.03,0.6874816848478267,0.6873425699117066,0.6941812874450126,True,0.104853677007109,3,14,4,pilot_cv_refit/adaptive_rho_normalized_stagnation_escape_newton5/off_grid_seed_44/lambda_0.03/result.json,False
coarse_cv,off_grid_seed_45,off_grid,45,0.01,0.6809939051919403,0.6874268898589356,0.7004273312408932,True,0.08646465024601942,4,24,4,pilot_cv_refit/adaptive_rho_normalized_stagnation_escape_newton5/off_grid_seed_45/lambda_0.01/result.json,False
coarse_cv,off_grid_seed_46,off_grid,46,0.003,0.7020451031640417,0.7069101458960249,0.6860872346624236,True,0.12623988847359943,4,33,4,pilot_cv_refit/adaptive_rho_normalized_stagnation_escape_newton5/off_grid_seed_46/lambda_0.003/result.json,False
coarse_cv,off_grid_seed_47,off_grid,47,0.01,0.6911929879460221,0.6927835976215083,0.6814487047432138,True,0.10264295934939469,4,33,4,pilot_cv_refit/adaptive_rho_normalized_stagnation_escape_newton5/off_grid_seed_47/lambda_0.01/result.json,False
coarse_cv,off_grid_seed_48,off_grid,48,0.03,0.6982336420289468,0.7024239918365185,0.7053410616629008,True,0.11984726390548167,3,8,4,pilot_cv_refit/adaptive_rho_normalized_stagnation_escape_newton5/off_grid_seed_48/lambda_0.03/result.json,False
coarse_cv,off_grid_seed_49,off_grid,49,0.0003,0.7038179387899499,0.7047410542108503,0.6842273392244195,True,0.14463252809687097,4,33,4,pilot_cv_refit/adaptive_rho_normalized_stagnation_escape_newton5/off_grid_seed_49/lambda_0.0003/result.json,False
coarse_cv,off_grid_seed_50,off_grid,50,0.0,0.7002914156442342,0.7021759986935843,0.6961231215450483,True,0.1753908499492347,4,33,4,pilot_cv_refit/adaptive_rho_normalized_stagnation_escape_newton5/off_grid_seed_50/lambda_0/result.json,False
coarse_cv,off_grid_seed_51,off_grid,51,0.0,0.7053437016256616,0.7074425313813952,0.6869719350073855,True,0.12742827471447363,4,33,4,pilot_cv_refit/adaptive_rho_normalized_stagnation_escape_newton5/off_grid_seed_51/lambda_0/result.json,False
coarse_cv,off_grid_seed_52,off_grid,52,0.03,0.7104746358585926,0.711596616647502,0.6997697583378628,True,0.0930256953577935,4,28,4,pilot_cv_refit/adaptive_rho_normalized_stagnation_escape_newton5/off_grid_seed_52/lambda_0.03/result.json,False
coarse_cv,off_grid_seed_53,off_grid,53,0.03,0.6958596657720263,0.6978175862421947,0.6926279164961113,True,0.12461998315832777,4,33,4,pilot_cv_refit/adaptive_rho_normalized_stagnation_escape_newton5/off_grid_seed_53/lambda_0.03/result.json,False
coarse_cv,off_grid_seed_54,off_grid,54,0.01,0.7102622449273188,0.7120896124176973,0.691675990154397,True,0.33422181732974104,4,25,4,pilot_cv_refit/adaptive_rho_normalized_stagnation_escape_newton5/off_grid_seed_54/lambda_0.01/result.json,False
coarse_cv,off_grid_seed_55,off_grid,55,0.01,0.7054179946554636,0.708055994802584,0.6976587008344479,True,0.10574573499686664,4,32,4,pilot_cv_refit/adaptive_rho_normalized_stagnation_escape_newton5/off_grid_seed_55/lambda_0.01/result.json,False
coarse_cv,off_grid_seed_56,off_grid,56,0.01,0.7004868405324122,0.6991530001732731,0.6850710620381579,True,0.11112602441800182,4,25,4,pilot_cv_refit/adaptive_rho_normalized_stagnation_escape_newton5/off_grid_seed_56/lambda_0.01/result.json,False
coarse_cv,off_grid_seed_57,off_grid,57,0.01,0.6939201259508531,0.6976256897920952,0.7075324205121454,True,0.11740774014846253,4,21,4,pilot_cv_refit/adaptive_rho_normalized_stagnation_escape_newton5/off_grid_seed_57/lambda_0.01/result.json,False
coarse_cv,off_grid_seed_58,off_grid,58,0.03,0.6817494077757068,0.6841552392430214,0.6977833586784138,True,0.13266890017015048,4,18,4,pilot_cv_refit/adaptive_rho_normalized_stagnation_escape_newton5/off_grid_seed_58/lambda_0.03/result.json,False
coarse_cv,off_grid_seed_59,off_grid,59,0.03,0.6960061288828925,0.7016073303231988,0.7011855437502564,True,0.10537571668878795,4,28,4,pilot_cv_refit/adaptive_rho_normalized_stagnation_escape_newton5/off_grid_seed_59/lambda_0.03/result.json,False
coarse_cv,off_grid_seed_60,off_grid,60,0.01,0.6857458406837333,0.6874844564760946,0.7047182124916259,True,0.1218433459981056,4,27,4,pilot_cv_refit/adaptive_rho_normalized_stagnation_escape_newton5/off_grid_seed_60/lambda_0.01/result.json,False
coarse_cv,off_grid_seed_61,off_grid,61,0.03,0.7187779294617143,0.7189749319978957,0.6921444214288781,True,0.11913167220361937,4,24,4,pilot_cv_refit/adaptive_rho_normalized_stagnation_escape_newton5/off_grid_seed_61/lambda_0.03/result.json,False
coarse_cv,oracle_seed_42,oracle,42,0.03,0.7210729072309947,0.7244427672644713,0.6987925715569903,True,0.057779151544011274,4,8,4,pilot_cv_refit/adaptive_rho_normalized_stagnation_escape_newton5/oracle_seed_42/lambda_0.03/result.json,False
coarse_cv,oracle_seed_43,oracle,43,0.03,0.7035686161348915,0.7046020002291589,0.7129432197619854,True,0.32575063589963504,4,15,4,pilot_cv_refit/adaptive_rho_normalized_stagnation_escape_newton5/oracle_seed_43/lambda_0.03/result.json,False
coarse_cv,oracle_seed_44,oracle,44,0.03,0.6933576463506218,0.6948880256547912,0.6994785595975707,True,0.1019688541917864,3,5,4,pilot_cv_refit/adaptive_rho_normalized_stagnation_escape_newton5/oracle_seed_44/lambda_0.03/result.json,False
coarse_cv,oracle_seed_45,oracle,45,0.03,0.68921738144453,0.6909537045521651,0.7055126534979357,True,0.07735949752703611,4,5,4,pilot_cv_refit/adaptive_rho_normalized_stagnation_escape_newton5/oracle_seed_45/lambda_0.03/result.json,False
coarse_cv,oracle_seed_46,oracle,46,0.03,0.7134290197898845,0.7146724660980123,0.6912790816222498,True,0.08680878314128532,4,4,4,pilot_cv_refit/adaptive_rho_normalized_stagnation_escape_newton5/oracle_seed_46/lambda_0.03/result.json,False
coarse_cv,oracle_seed_47,oracle,47,0.03,0.7006363592497198,0.7009520973472626,0.6889751858873926,True,0.05596963783487425,4,12,4,pilot_cv_refit/adaptive_rho_normalized_stagnation_escape_newton5/oracle_seed_47/lambda_0.03/result.json,False
coarse_cv,oracle_seed_48,oracle,48,0.03,0.709034928162743,0.7114760642902389,0.7132346018608344,True,0.09722871061086251,3,4,4,pilot_cv_refit/adaptive_rho_normalized_stagnation_escape_newton5/oracle_seed_48/lambda_0.03/result.json,False
coarse_cv,oracle_seed_49,oracle,49,0.01,0.7078975586756556,0.7096425852098172,0.6905129692381272,True,0.33234197924502645,4,15,4,pilot_cv_refit/adaptive_rho_normalized_stagnation_escape_newton5/oracle_seed_49/lambda_0.01/result.json,False
coarse_cv,oracle_seed_50,oracle,50,0.03,0.7111720035925474,0.7115236407271806,0.7015244188561146,True,0.10616231743132973,4,10,4,pilot_cv_refit/adaptive_rho_normalized_stagnation_escape_newton5/oracle_seed_50/lambda_0.03/result.json,False
coarse_cv,oracle_seed_51,oracle,51,0.03,0.7134368255953885,0.716512447788528,0.6958993379319907,True,0.06797668486910258,4,7,4,pilot_cv_refit/adaptive_rho_normalized_stagnation_escape_newton5/oracle_seed_51/lambda_0.03/result.json,False
coarse_cv,oracle_seed_52,oracle,52,0.03,0.7161652858872625,0.7167864298827473,0.7057846523808068,True,0.3529283399745264,4,10,4,pilot_cv_refit/adaptive_rho_normalized_stagnation_escape_newton5/oracle_seed_52/lambda_0.03/result.json,False
coarse_cv,oracle_seed_53,oracle,53,0.03,0.7045845746442924,0.7053742054541726,0.700372378516624,True,0.09638568139031123,4,9,4,pilot_cv_refit/adaptive_rho_normalized_stagnation_escape_newton5/oracle_seed_53/lambda_0.03/result.json,False
coarse_cv,oracle_seed_54,oracle,54,0.03,0.7223528947095422,0.722367304436236,0.7010652598989734,True,0.07547051226398153,4,4,4,pilot_cv_refit/adaptive_rho_normalized_stagnation_escape_newton5/oracle_seed_54/lambda_0.03/result.json,False
coarse_cv,oracle_seed_55,oracle,55,0.03,0.7112298787197373,0.7156376958421596,0.709120099097851,True,0.05052434016008829,4,9,4,pilot_cv_refit/adaptive_rho_normalized_stagnation_escape_newton5/oracle_seed_55/lambda_0.03/result.json,False
coarse_cv,oracle_seed_56,oracle,56,0.03,0.7065506917246259,0.7107513470771889,0.7016161937637199,True,0.10690262973780247,4,14,4,pilot_cv_refit/adaptive_rho_normalized_stagnation_escape_newton5/oracle_seed_56/lambda_0.03/result.json,False
coarse_cv,oracle_seed_57,oracle,57,0.03,0.6980314041918618,0.7029755676707601,0.7131291132048672,True,0.0663543560149868,4,6,4,pilot_cv_refit/adaptive_rho_normalized_stagnation_escape_newton5/oracle_seed_57/lambda_0.03/result.json,False
coarse_cv,oracle_seed_58,oracle,58,0.01,0.690192143742056,0.6923277635197254,0.7072168566054211,True,0.07749110779521888,4,14,4,pilot_cv_refit/adaptive_rho_normalized_stagnation_escape_newton5/oracle_seed_58/lambda_0.01/result.json,False
coarse_cv,oracle_seed_59,oracle,59,0.03,0.7063674703397308,0.7070379503119525,0.7057755914484044,True,0.3445724403445601,3,8,4,pilot_cv_refit/adaptive_rho_normalized_stagnation_escape_newton5/oracle_seed_59/lambda_0.03/result.json,False
coarse_cv,oracle_seed_60,oracle,60,0.01,0.6893200034005855,0.69408390016199,0.708065478432802,True,0.2901753855738602,4,15,4,pilot_cv_refit/adaptive_rho_normalized_stagnation_escape_newton5/oracle_seed_60/lambda_0.01/result.json,False
coarse_cv,oracle_seed_61,oracle,61,0.01,0.7233795687567834,0.7245246131806327,0.6962387722251576,True,0.29906382392509673,4,15,4,pilot_cv_refit/adaptive_rho_normalized_stagnation_escape_newton5/oracle_seed_61/lambda_0.01/result.json,False
coarse_cv,small_seed_42,small,42,0.03,0.7039839640762013,0.7047496448681656,0.6813595629394481,True,0.06619288570205269,4,32,4,pilot_cv_refit/adaptive_rho_normalized_stagnation_escape_newton5/small_seed_42/lambda_0.03/result.json,False
coarse_cv,small_seed_43,small,43,0.0003,0.6860461077922066,0.689544579858884,0.6930635568181588,True,0.17377031049853658,4,32,4,pilot_cv_refit/adaptive_rho_normalized_stagnation_escape_newton5/small_seed_43/lambda_0.0003/result.json,False
coarse_cv,small_seed_44,small,44,0.03,0.6713055331269675,0.671910779580498,0.6822779892150063,True,0.06347084501122777,3,10,4,pilot_cv_refit/adaptive_rho_normalized_stagnation_escape_newton5/small_seed_44/lambda_0.03/result.json,False
coarse_cv,small_seed_45,small,45,0.03,0.6729183117394155,0.6732978999853827,0.6848035639319006,False,0.04215429498591239,3,13,4,pilot_cv_refit/adaptive_rho_normalized_stagnation_escape_newton5/small_seed_45/lambda_0.03/result.json,False
coarse_cv,small_seed_46,small,46,0.25,0.6860489069325284,0.6880049304526407,0.6695203985349175,True,0.10094303851818012,0,0,4,pilot_cv_refit/adaptive_rho_normalized_stagnation_escape_newton5/small_seed_46/lambda_0.25/result.json,False
coarse_cv,small_seed_47,small,47,0.0001,0.677570802731023,0.6806511012767689,0.6711377921424047,True,0.1298248437377217,4,33,4,pilot_cv_refit/adaptive_rho_normalized_stagnation_escape_newton5/small_seed_47/lambda_0.0001/result.json,False
coarse_cv,small_seed_48,small,48,0.25,0.6853716118796898,0.6873619103176749,0.6923786879534495,True,0.09477600580580943,0,0,4,pilot_cv_refit/adaptive_rho_normalized_stagnation_escape_newton5/small_seed_48/lambda_0.25/result.json,False
coarse_cv,small_seed_49,small,49,0.01,0.6856256780073119,0.6913292023484384,0.6716507383646853,True,0.18206550768160656,4,24,4,pilot_cv_refit/adaptive_rho_normalized_stagnation_escape_newton5/small_seed_49/lambda_0.01/result.json,False
coarse_cv,small_seed_50,small,50,0.03,0.6885700322136186,0.6874263321288615,0.6805887671038062,True,0.08388936675332881,2,4,4,pilot_cv_refit/adaptive_rho_normalized_stagnation_escape_newton5/small_seed_50/lambda_0.03/result.json,False
coarse_cv,small_seed_51,small,51,0.03,0.696385683480121,0.6966291218426054,0.6774789779420726,True,0.06893227370420689,2,8,4,pilot_cv_refit/adaptive_rho_normalized_stagnation_escape_newton5/small_seed_51/lambda_0.03/result.json,False
coarse_cv,small_seed_52,small,52,0.25,0.6958555271426071,0.696743543900661,0.6872470395384175,True,0.08537113800101917,0,0,4,pilot_cv_refit/adaptive_rho_normalized_stagnation_escape_newton5/small_seed_52/lambda_0.25/result.json,False
coarse_cv,small_seed_53,small,53,0.03,0.6805288203885749,0.6815861629985066,0.6775243040436882,True,0.09171189683700937,4,32,4,pilot_cv_refit/adaptive_rho_normalized_stagnation_escape_newton5/small_seed_53/lambda_0.03/result.json,False
coarse_cv,small_seed_54,small,54,0.01,0.6999663329305834,0.7032366025876495,0.6846777760195408,True,0.07969874415359447,3,31,4,pilot_cv_refit/adaptive_rho_normalized_stagnation_escape_newton5/small_seed_54/lambda_0.01/result.json,False
coarse_cv,small_seed_55,small,55,0.03,0.6977393090806161,0.6971031116236144,0.6875822007891276,True,0.08063852941410277,3,11,4,pilot_cv_refit/adaptive_rho_normalized_stagnation_escape_newton5/small_seed_55/lambda_0.03/result.json,False
coarse_cv,small_seed_56,small,56,0.03,0.6870593580056291,0.6881832717402567,0.6761961178914567,True,0.05834040476584271,4,33,4,pilot_cv_refit/adaptive_rho_normalized_stagnation_escape_newton5/small_seed_56/lambda_0.03/result.json,False
coarse_cv,small_seed_57,small,57,0.01,0.6819024328574499,0.6819288578071508,0.6898462634880392,True,0.18473772977124006,4,25,4,pilot_cv_refit/adaptive_rho_normalized_stagnation_escape_newton5/small_seed_57/lambda_0.01/result.json,False
coarse_cv,small_seed_58,small,58,0.01,0.6697627384163164,0.6743317027624982,0.6879933248879361,True,0.0745759984402398,4,19,4,pilot_cv_refit/adaptive_rho_normalized_stagnation_escape_newton5/small_seed_58/lambda_0.01/result.json,False
coarse_cv,small_seed_59,small,59,0.1,0.6862369605017086,0.6866937635831242,0.6931431773035196,True,0.08836970394397034,0,0,4,pilot_cv_refit/adaptive_rho_normalized_stagnation_escape_newton5/small_seed_59/lambda_0.1/result.json,False
coarse_cv,small_seed_60,small,60,0.01,0.6751049158707219,0.6759468755390063,0.6885224226101603,True,0.13708623543032916,4,33,4,pilot_cv_refit/adaptive_rho_normalized_stagnation_escape_newton5/small_seed_60/lambda_0.01/result.json,False
coarse_cv,small_seed_61,small,61,0.03,0.7100688942930056,0.7107313379980706,0.6831978529481237,True,0.07901886535577132,4,32,4,pilot_cv_refit/adaptive_rho_normalized_stagnation_escape_newton5/small_seed_61/lambda_0.03/result.json,False
refined_cv,fine_grid_seed_42,fine_grid,42,0.0786003085596623,0.7212975798261498,0.7236900983831023,0.6980529960978201,True,0.11854798217213557,2,3,4,pilot_cv_refined_refit/adaptive_rho_normalized_stagnation_escape_newton5/fine_grid_seed_42/lambda_0.0786003085596623/result.json,False
refined_cv,fine_grid_seed_43,fine_grid,43,0.03,0.7037987122488121,0.7070859181903001,0.7156666489997106,True,0.08078965060706905,3,10,4,pilot_cv_refined_refit/adaptive_rho_normalized_stagnation_escape_newton5/fine_grid_seed_43/lambda_0.03/result.json,False
refined_cv,fine_grid_seed_44,fine_grid,44,0.0381677890961818,0.6952633477090688,0.6958168074808784,0.7000143140502628,True,0.10606675999151245,4,23,4,pilot_cv_refined_refit/adaptive_rho_normalized_stagnation_escape_newton5/fine_grid_seed_44/lambda_0.0381677890961818/result.json,False
refined_cv,fine_grid_seed_45,fine_grid,45,0.0485593374830204,0.6893043219163306,0.6891128826985146,0.7062028071694307,True,0.0950490902394588,3,6,4,pilot_cv_refined_refit/adaptive_rho_normalized_stagnation_escape_newton5/fine_grid_seed_45/lambda_0.0485593374830204/result.json,False
refined_cv,fine_grid_seed_46,fine_grid,46,0.0268787537952229,0.7135047254631799,0.7147459110540779,0.6916705748017046,True,0.08274749765241886,4,33,4,pilot_cv_refined_refit/adaptive_rho_normalized_stagnation_escape_newton5/fine_grid_seed_46/lambda_0.0268787537952229/result.json,False
refined_cv,fine_grid_seed_47,fine_grid,47,0.001,0.6965892556296822,0.7008195216669454,0.686469592500696,True,0.11051914167200282,4,33,4,pilot_cv_refined_refit/adaptive_rho_normalized_stagnation_escape_newton5/fine_grid_seed_47/lambda_0.001/result.json,False
refined_cv,fine_grid_seed_48,fine_grid,48,0.0430511620249934,0.7105490104283445,0.7113864441371107,0.712939881047405,True,0.10287575684513527,3,4,4,pilot_cv_refined_refit/adaptive_rho_normalized_stagnation_escape_newton5/fine_grid_seed_48/lambda_0.0430511620249934/result.json,False
refined_cv,fine_grid_seed_49,fine_grid,49,0.00022,0.7079419688301518,0.7093547590323325,0.6891616041355029,True,0.236578978911971,4,32,4,pilot_cv_refined_refit/adaptive_rho_normalized_stagnation_escape_newton5/fine_grid_seed_49/lambda_0.00022/result.json,False
refined_cv,fine_grid_seed_50,fine_grid,50,0.0240822468528069,0.7103741559014444,0.7116074549702869,0.7028872558420415,True,0.10688026911726758,4,10,4,pilot_cv_refined_refit/adaptive_rho_normalized_stagnation_escape_newton5/fine_grid_seed_50/lambda_0.0240822468528069/result.json,False
refined_cv,fine_grid_seed_51,fine_grid,51,0.0617800850567412,0.7157883197621163,0.7158896998723776,0.6926736169874377,True,0.11188359751766529,3,7,4,pilot_cv_refined_refit/adaptive_rho_normalized_stagnation_escape_newton5/fine_grid_seed_51/lambda_0.0617800850567412/result.json,False
refined_cv,fine_grid_seed_52,fine_grid,52,0.0193318204493176,0.7187946852243264,0.7191871519413512,0.707093000743843,True,0.2395047822704598,4,32,4,pilot_cv_refined_refit/adaptive_rho_normalized_stagnation_escape_newton5/fine_grid_seed_52/lambda_0.0193318204493176/result.json,False
refined_cv,fine_grid_seed_53,fine_grid,53,0.0547722557505166,0.7045858871536747,0.7052819356161575,0.6987744245524297,True,0.10680733769805291,2,6,4,pilot_cv_refined_refit/adaptive_rho_normalized_stagnation_escape_newton5/fine_grid_seed_53/lambda_0.0547722557505166/result.json,False
refined_cv,fine_grid_seed_54,fine_grid,54,0.0139038917031591,0.7234336115073245,0.7228633626185312,0.6997372494704253,True,0.19423265003362666,4,32,4,pilot_cv_refined_refit/adaptive_rho_normalized_stagnation_escape_newton5/fine_grid_seed_54/lambda_0.0139038917031591/result.json,False
refined_cv,fine_grid_seed_55,fine_grid,55,0.03,0.7126567649065184,0.7143400976268689,0.7071458840978917,True,0.06697908974226718,4,17,4,pilot_cv_refined_refit/adaptive_rho_normalized_stagnation_escape_newton5/fine_grid_seed_55/lambda_0.03/result.json,False
refined_cv,fine_grid_seed_56,fine_grid,56,0.0124573093961552,0.7080759611245233,0.7091964001858599,0.6963240874482827,True,0.12191997699275146,4,28,4,pilot_cv_refined_refit/adaptive_rho_normalized_stagnation_escape_newton5/fine_grid_seed_56/lambda_0.0124573093961552/result.json,False
refined_cv,fine_grid_seed_57,fine_grid,57,0.0155184557391536,0.6994003949546447,0.7015560083460298,0.7109470689587738,True,0.091060553286321,4,16,4,pilot_cv_refined_refit/adaptive_rho_normalized_stagnation_escape_newton5/fine_grid_seed_57/lambda_0.0155184557391536/result.json,False
refined_cv,fine_grid_seed_58,fine_grid,58,0.0485593374830204,0.6905403392840291,0.692545881144241,0.7061824962563092,True,0.11630652630715446,4,4,4,pilot_cv_refined_refit/adaptive_rho_normalized_stagnation_escape_newton5/fine_grid_seed_58/lambda_0.0485593374830204/result.json,False
refined_cv,fine_grid_seed_59,fine_grid,59,0.0617800850567412,0.7065827537976159,0.7100096063830438,0.7129142397247196,True,0.11130824809242658,3,5,4,pilot_cv_refined_refit/adaptive_rho_normalized_stagnation_escape_newton5/fine_grid_seed_59/lambda_0.0617800850567412/result.json,False
refined_cv,fine_grid_seed_60,fine_grid,60,0.0696845301935949,0.6890556136954993,0.6943266810022972,0.7119995601647753,True,0.10860046059360608,2,4,4,pilot_cv_refined_refit/adaptive_rho_normalized_stagnation_escape_newton5/fine_grid_seed_60/lambda_0.0696845301935949/result.json,False
refined_cv,fine_grid_seed_61,fine_grid,61,0.0155184557391536,0.7267514675004472,0.7251449934900882,0.6956899270527424,True,0.24524235276633624,4,33,4,pilot_cv_refined_refit/adaptive_rho_normalized_stagnation_escape_newton5/fine_grid_seed_61/lambda_0.0155184557391536/result.json,False
refined_cv,no_change_seed_42,no_change,42,0.0124573093961552,0.6889781449936137,0.6881583284369223,0.6662079759339811,True,0.06982278908965171,0,32,0,pilot_cv_refined_refit/adaptive_rho_normalized_stagnation_escape_newton5/no_change_seed_42/lambda_0.0124573093961552/result.json,False
refined_cv,no_change_seed_43,no_change,43,0.03,0.6740852691362804,0.6752421497989106,0.6818686642889944,True,0.026488989208081973,0,3,0,pilot_cv_refined_refit/adaptive_rho_normalized_stagnation_escape_newton5/no_change_seed_43/lambda_0.03/result.json,False
refined_cv,no_change_seed_44,no_change,44,0.208138301850468,0.653370054680397,0.6534668496544689,0.6662887247091028,True,0.04090071423042312,0,0,0,pilot_cv_refined_refit/adaptive_rho_normalized_stagnation_escape_newton5/no_change_seed_44/lambda_0.208138301850468/result.json,False
refined_cv,no_change_seed_45,no_change,45,0.0886568150565213,0.6529800480866472,0.6548287146566502,0.6666808882387599,True,0.027203807743069686,0,0,0,pilot_cv_refined_refit/adaptive_rho_normalized_stagnation_escape_newton5/no_change_seed_45/lambda_0.0886568150565213/result.json,False
refined_cv,no_change_seed_46,no_change,46,0.189914448233093,0.6690164423468532,0.6698649436455499,0.6542927993452109,True,0.024982206852574924,0,0,0,pilot_cv_refined_refit/adaptive_rho_normalized_stagnation_escape_newton5/no_change_seed_46/lambda_0.189914448233093/result.json,False
refined_cv,no_change_seed_47,no_change,47,0.311432734903879,0.6642663981925061,0.6642052512447237,0.6597915104823784,True,0.012218692779375408,0,0,0,pilot_cv_refined_refit/adaptive_rho_normalized_stagnation_escape_newton5/no_change_seed_47/lambda_0.311432734903879/result.json,False
refined_cv,no_change_seed_48,no_change,48,0.144269990590721,0.6715003110520174,0.6740002924784297,0.682098941136286,True,0.02351461302552794,0,0,0,pilot_cv_refined_refit/adaptive_rho_normalized_stagnation_escape_newton5/no_change_seed_48/lambda_0.144269990590721/result.json,False
refined_cv,no_change_seed_49,no_change,49,0.109595822638522,0.6720993164932623,0.6718370162943123,0.6529195954611127,True,0.02263109688696647,0,0,0,pilot_cv_refined_refit/adaptive_rho_normalized_stagnation_escape_newton5/no_change_seed_49/lambda_0.109595822638522/result.json,False
refined_cv,no_change_seed_50,no_change,50,0.75,0.663133314491809,0.6656331420501124,0.6652055426877662,True,0.027459036403217178,0,0,0,pilot_cv_refined_refit/adaptive_rho_normalized_stagnation_escape_newton5/no_change_seed_50/lambda_0.75/result.json,True
refined_cv,no_change_seed_51,no_change,51,0.75,0.6758412105320245,0.6789484810172896,0.659461099034427,True,0.03483565816015756,0,0,0,pilot_cv_refined_refit/adaptive_rho_normalized_stagnation_escape_newton5/no_change_seed_51/lambda_0.75/result.json,True
refined_cv,no_change_seed_52,no_change,52,0.00026,0.6786327090176695,0.6838709546769918,0.6703196199201962,True,0.09615588270922144,0,33,0,pilot_cv_refined_refit/adaptive_rho_normalized_stagnation_escape_newton5/no_change_seed_52/lambda_0.00026/result.json,False
refined_cv,no_change_seed_53,no_change,53,0.0485593374830204,0.6623325310440228,0.6613463351342584,0.66203007518797,True,0.03572910678175565,0,0,0,pilot_cv_refined_refit/adaptive_rho_normalized_stagnation_escape_newton5/no_change_seed_53/lambda_0.0485593374830204/result.json,False
refined_cv,no_change_seed_54,no_change,54,0.75,0.6834401455823247,0.6831875864313024,0.6694198153866077,True,0.029582256036720066,0,0,0,pilot_cv_refined_refit/adaptive_rho_normalized_stagnation_escape_newton5/no_change_seed_54/lambda_0.75/result.json,True
refined_cv,no_change_seed_55,no_change,55,0.75,0.6844317708117392,0.6848839405193893,0.6710068953252444,True,0.016979599222116223,0,0,0,pilot_cv_refined_refit/adaptive_rho_normalized_stagnation_escape_newton5/no_change_seed_55/lambda_0.75/result.json,True
refined_cv,no_change_seed_56,no_change,56,0.0240822468528069,0.6704959800136842,0.6720492943909805,0.6604152020600051,True,0.0266134264206671,0,27,0,pilot_cv_refined_refit/adaptive_rho_normalized_stagnation_escape_newton5/no_change_seed_56/lambda_0.0240822468528069/result.json,False
refined_cv,no_change_seed_57,no_change,57,0.75,0.6675046907044775,0.6675540981477573,0.6776403374796834,True,0.01600543647432465,0,0,0,pilot_cv_refined_refit/adaptive_rho_normalized_stagnation_escape_newton5/no_change_seed_57/lambda_0.75/result.json,True
refined_cv,no_change_seed_58,no_change,58,0.38796139347884,0.6556380462390635,0.6548381285133896,0.6728333198084882,True,0.02449453075396815,0,0,0,pilot_cv_refined_refit/adaptive_rho_normalized_stagnation_escape_newton5/no_change_seed_58/lambda_0.38796139347884/result.json,False
refined_cv,no_change_seed_59,no_change,59,0.75,0.6697410430718724,0.671451594616045,0.6742252609844698,True,0.007626395811743439,0,0,0,pilot_cv_refined_refit/adaptive_rho_normalized_stagnation_escape_newton5/no_change_seed_59/lambda_0.75/result.json,True
refined_cv,no_change_seed_60,no_change,60,0.0139038917031591,0.6555098998362692,0.6578337164207819,0.6763526952324261,True,0.07025132034147757,0,16,0,pilot_cv_refined_refit/adaptive_rho_normalized_stagnation_escape_newton5/no_change_seed_60/lambda_0.0139038917031591/result.json,False
refined_cv,no_change_seed_61,no_change,61,0.03,0.6981289063134891,0.6994957498334065,0.6707400428769327,True,0.0810007944585239,0,6,0,pilot_cv_refined_refit/adaptive_rho_normalized_stagnation_escape_newton5/no_change_seed_61/lambda_0.03/result.json,False
refined_cv,off_grid_seed_42,off_grid,42,0.033838346190165,0.7172181027034602,0.7181371387357683,0.6924725033445328,True,0.09728899655629333,3,4,4,pilot_cv_refined_refit/adaptive_rho_normalized_stagnation_escape_newton5/off_grid_seed_42/lambda_0.033838346190165/result.json,False
refined_cv,off_grid_seed_43,off_grid,43,0.0155184557391536,0.6963717502271735,0.7000190059286235,0.7057529341717846,True,0.0944223774671525,4,32,4,pilot_cv_refined_refit/adaptive_rho_normalized_stagnation_escape_newton5/off_grid_seed_43/lambda_0.0155184557391536/result.json,False
refined_cv,off_grid_seed_44,off_grid,44,0.0381677890961818,0.6887581043191069,0.68656548989694,0.6938546801800423,False,0.10259036965045168,3,13,4,pilot_cv_refined_refit/adaptive_rho_normalized_stagnation_escape_newton5/off_grid_seed_44/lambda_0.0381677890961818/result.json,False
refined_cv,off_grid_seed_45,off_grid,45,0.0173205080756888,0.6828802015816329,0.6872720084451128,0.700457942361301,True,0.09337044384665956,4,17,4,pilot_cv_refined_refit/adaptive_rho_normalized_stagnation_escape_newton5/off_grid_seed_45/lambda_0.0173205080756888/result.json,False
refined_cv,off_grid_seed_46,off_grid,46,0.0011161231740339,0.7021782040491391,0.7069855285649381,0.6863663497250615,True,0.1403207634162027,4,33,4,pilot_cv_refined_refit/adaptive_rho_normalized_stagnation_escape_newton5/off_grid_seed_46/lambda_0.0011161231740339/result.json,False
refined_cv,off_grid_seed_47,off_grid,47,0.0215766927997459,0.6913620664319462,0.6929242523386395,0.6827164331324065,True,0.07913555231978954,4,33,4,pilot_cv_refined_refit/adaptive_rho_normalized_stagnation_escape_newton5/off_grid_seed_47/lambda_0.0215766927997459/result.json,False
refined_cv,off_grid_seed_48,off_grid,48,0.0240822468528069,0.6987586898497333,0.7038864119177053,0.7067225824409732,True,0.10861761311925743,4,19,4,pilot_cv_refined_refit/adaptive_rho_normalized_stagnation_escape_newton5/off_grid_seed_48/lambda_0.0240822468528069/result.json,False
refined_cv,off_grid_seed_49,off_grid,49,0.0003,0.7038179387899499,0.7047410542108503,0.6842273392244195,True,0.14463252809687097,4,33,4,pilot_cv_refined_refit/adaptive_rho_normalized_stagnation_escape_newton5/off_grid_seed_49/lambda_0.0003/result.json,False
refined_cv,off_grid_seed_50,off_grid,50,1e-05,0.7007335274212573,0.7002143338300435,0.6932471352161674,True,0.16263001717869216,4,33,4,pilot_cv_refined_refit/adaptive_rho_normalized_stagnation_escape_newton5/off_grid_seed_50/lambda_1e-05/result.json,False
refined_cv,off_grid_seed_51,off_grid,51,0.0,0.7053437016256616,0.7074425313813952,0.6869719350073855,True,0.12742827471447363,4,33,4,pilot_cv_refined_refit/adaptive_rho_normalized_stagnation_escape_newton5/off_grid_seed_51/lambda_0/result.json,True
refined_cv,off_grid_seed_52,off_grid,52,0.0381677890961818,0.7105490191210373,0.7107966101001338,0.6992262170134542,True,0.11769667043107537,3,11,4,pilot_cv_refined_refit/adaptive_rho_normalized_stagnation_escape_newton5/off_grid_seed_52/lambda_0.0381677890961818/result.json,False
refined_cv,off_grid_seed_53,off_grid,53,0.0173205080756888,0.6967947156279435,0.6983887808373426,0.6946970937372083,True,0.10291132896770602,4,30,4,pilot_cv_refined_refit/adaptive_rho_normalized_stagnation_escape_newton5/off_grid_seed_53/lambda_0.0173205080756888/result.json,False
refined_cv,off_grid_seed_54,off_grid,54,0.0193318204493176,0.711503955913645,0.7133237684534981,0.6935047498932037,True,0.3934587819238687,4,20,4,pilot_cv_refined_refit/adaptive_rho_normalized_stagnation_escape_newton5/off_grid_seed_54/lambda_0.0193318204493176/result.json,False
refined_cv,off_grid_seed_55,off_grid,55,0.0139038917031591,0.7055500468853567,0.7085749191989769,0.698432280247464,True,0.09278023545618602,4,33,4,pilot_cv_refined_refit/adaptive_rho_normalized_stagnation_escape_newton5/off_grid_seed_55/lambda_0.0139038917031591/result.json,False
refined_cv,off_grid_seed_56,off_grid,56,0.01,0.7004868405324122,0.6991530001732731,0.6850710620381579,True,0.11112602441800182,4,25,4,pilot_cv_refined_refit/adaptive_rho_normalized_stagnation_escape_newton5/off_grid_seed_56/lambda_0.01/result.json,False
refined_cv,off_grid_seed_57,off_grid,57,0.0215766927997459,0.6959637151965355,0.6962308334521167,0.7064750510170495,True,0.08271357860582336,4,12,4,pilot_cv_refined_refit/adaptive_rho_normalized_stagnation_escape_newton5/off_grid_seed_57/lambda_0.0215766927997459/result.json,False
refined_cv,off_grid_seed_58,off_grid,58,0.0268787537952229,0.6821651704942193,0.6842407413439302,0.6980626302078025,False,0.14086463140580704,4,16,4,pilot_cv_refined_refit/adaptive_rho_normalized_stagnation_escape_newton5/off_grid_seed_58/lambda_0.0268787537952229/result.json,False
refined_cv,off_grid_seed_59,off_grid,59,0.0215766927997459,0.6978373349241644,0.7017948691814541,0.7013865528982237,True,0.1098024414051938,4,32,4,pilot_cv_refined_refit/adaptive_rho_normalized_stagnation_escape_newton5/off_grid_seed_59/lambda_0.0215766927997459/result.json,False
refined_cv,off_grid_seed_60,off_grid,60,0.011161231740339,0.6875375756698936,0.6898939574933035,0.7013726412500992,True,0.13108562867384946,4,25,4,pilot_cv_refined_refit/adaptive_rho_normalized_stagnation_escape_newton5/off_grid_seed_60/lambda_0.011161231740339/result.json,False
refined_cv,off_grid_seed_61,off_grid,61,0.0215766927997459,0.7199750242208255,0.7194663415071795,0.6909073063403682,True,0.1155697695543497,4,18,4,pilot_cv_refined_refit/adaptive_rho_normalized_stagnation_escape_newton5/off_grid_seed_61/lambda_0.0215766927997459/result.json,False
refined_cv,oracle_seed_42,oracle,42,0.0430511620249934,0.7229358878928734,0.7243891524948396,0.6988416041841176,True,0.07747561148076965,4,14,4,pilot_cv_refined_refit/adaptive_rho_normalized_stagnation_escape_newton5/oracle_seed_42/lambda_0.0430511620249934/result.json,False
refined_cv,oracle_seed_43,oracle,43,0.0240822468528069,0.7040651332390861,0.7045447105233006,0.7128453720049414,True,0.32522554444357765,3,13,4,pilot_cv_refined_refit/adaptive_rho_normalized_stagnation_escape_newton5/oracle_seed_43/lambda_0.0240822468528069/result.json,False
refined_cv,oracle_seed_44,oracle,44,0.0547722557505166,0.694727000375629,0.6948961907697458,0.7000429421507883,True,0.1186657414936838,4,6,4,pilot_cv_refined_refit/adaptive_rho_normalized_stagnation_escape_newton5/oracle_seed_44/lambda_0.0547722557505166/result.json,False
refined_cv,oracle_seed_45,oracle,45,0.033838346190165,0.689564796716965,0.6912367512752375,0.7056902966027288,True,0.07864196732555971,4,5,4,pilot_cv_refined_refit/adaptive_rho_normalized_stagnation_escape_newton5/oracle_seed_45/lambda_0.033838346190165/result.json,False
refined_cv,oracle_seed_46,oracle,46,0.0193318204493176,0.7138838375223899,0.71644534573193,0.6939298166914748,True,0.18882398628167602,4,15,4,pilot_cv_refined_refit/adaptive_rho_normalized_stagnation_escape_newton5/oracle_seed_46/lambda_0.0193318204493176/result.json,False
refined_cv,oracle_seed_47,oracle,47,0.0215766927997459,0.7014378557770977,0.7022798937762856,0.6887455572963976,True,0.06256360046344127,4,15,4,pilot_cv_refined_refit/adaptive_rho_normalized_stagnation_escape_newton5/oracle_seed_47/lambda_0.0215766927997459/result.json,False
refined_cv,oracle_seed_48,oracle,48,0.0617800850567412,0.7095434406130064,0.7113029344489684,0.7132632552732512,True,0.12236400694127057,3,3,4,pilot_cv_refined_refit/adaptive_rho_normalized_stagnation_escape_newton5/oracle_seed_48/lambda_0.0617800850567412/result.json,False
refined_cv,oracle_seed_49,oracle,49,0.0193318204493176,0.7087093184883232,0.7099202047852633,0.691115385006767,True,0.32511229068488173,4,15,4,pilot_cv_refined_refit/adaptive_rho_normalized_stagnation_escape_newton5/oracle_seed_49/lambda_0.0193318204493176/result.json,False
refined_cv,oracle_seed_50,oracle,50,0.03,0.7111720035925474,0.7115236407271806,0.7015244188561146,True,0.10616231743132973,4,10,4,pilot_cv_refined_refit/adaptive_rho_normalized_stagnation_escape_newton5/oracle_seed_50/lambda_0.03/result.json,False
refined_cv,oracle_seed_51,oracle,51,0.0617800850567412,0.7152626858715693,0.7162154134206273,0.6930834589026432,True,0.10929277038142599,3,4,4,pilot_cv_refined_refit/adaptive_rho_normalized_stagnation_escape_newton5/oracle_seed_51/lambda_0.0617800850567412/result.json,False
refined_cv,oracle_seed_52,oracle,52,0.033838346190165,0.7174704478588165,0.7164814788284148,0.705686831942449,True,0.351877137309661,4,10,4,pilot_cv_refined_refit/adaptive_rho_normalized_stagnation_escape_newton5/oracle_seed_52/lambda_0.033838346190165/result.json,False
refined_cv,oracle_seed_53,oracle,53,0.0215766927997459,0.7049763823784158,0.705765839655526,0.7006219948849105,True,0.08679159714608417,4,14,4,pilot_cv_refined_refit/adaptive_rho_normalized_stagnation_escape_newton5/oracle_seed_53/lambda_0.0215766927997459/result.json,False
refined_cv,oracle_seed_54,oracle,54,0.0268787537952229,0.7230128665391323,0.7218691964267412,0.7006782629949486,True,0.1735001876792331,4,13,4,pilot_cv_refined_refit/adaptive_rho_normalized_stagnation_escape_newton5/oracle_seed_54/lambda_0.0268787537952229/result.json,False
refined_cv,oracle_seed_55,oracle,55,0.0381677890961818,0.7122000403479407,0.714430151761684,0.7080362163527754,True,0.08737342336361491,3,6,4,pilot_cv_refined_refit/adaptive_rho_normalized_stagnation_escape_newton5/oracle_seed_55/lambda_0.0381677890961818/result.json,False
refined_cv,oracle_seed_56,oracle,56,0.0124573093961552,0.7073213408079173,0.7088907094470666,0.6960833516945348,True,0.08409891690592317,4,15,4,pilot_cv_refined_refit/adaptive_rho_normalized_stagnation_escape_newton5/oracle_seed_56/lambda_0.0124573093961552/result.json,False
refined_cv,oracle_seed_57,oracle,57,0.0430511620249934,0.6985213736321054,0.7026655489676581,0.7135202343433179,True,0.08365170006545106,4,5,4,pilot_cv_refined_refit/adaptive_rho_normalized_stagnation_escape_newton5/oracle_seed_57/lambda_0.0430511620249934/result.json,False
refined_cv,oracle_seed_58,oracle,58,0.01,0.690192143742056,0.6923277635197254,0.7072168566054211,True,0.07749110779521888,4,14,4,pilot_cv_refined_refit/adaptive_rho_normalized_stagnation_escape_newton5/oracle_seed_58/lambda_0.01/result.json,False
refined_cv,oracle_seed_59,oracle,59,0.0381677890961818,0.7072031248036377,0.7074315876638541,0.7072107122839363,True,0.3431989269806321,3,8,4,pilot_cv_refined_refit/adaptive_rho_normalized_stagnation_escape_newton5/oracle_seed_59/lambda_0.0381677890961818/result.json,False
refined_cv,oracle_seed_60,oracle,60,0.0139038917031591,0.6898308229893277,0.69427771679921,0.7083546293675536,True,0.28632775704188734,4,13,4,pilot_cv_refined_refit/adaptive_rho_normalized_stagnation_escape_newton5/oracle_seed_60/lambda_0.0139038917031591/result.json,False
refined_cv,oracle_seed_61,oracle,61,0.0173205080756888,0.7248505843882996,0.7248245997118496,0.6973241749915011,True,0.33367115226009486,4,12,4,pilot_cv_refined_refit/adaptive_rho_normalized_stagnation_escape_newton5/oracle_seed_61/lambda_0.0173205080756888/result.json,False
refined_cv,small_seed_42,small,42,0.0547722557505166,0.7044751559299429,0.7050509688488399,0.6814002879256524,True,0.07458803783287103,4,32,4,pilot_cv_refined_refit/adaptive_rho_normalized_stagnation_escape_newton5/small_seed_42/lambda_0.0547722557505166/result.json,False
refined_cv,small_seed_43,small,43,0.0003,0.6860461077922066,0.689544579858884,0.6930635568181588,True,0.17377031049853658,4,32,4,pilot_cv_refined_refit/adaptive_rho_normalized_stagnation_escape_newton5/small_seed_43/lambda_0.0003/result.json,False
refined_cv,small_seed_44,small,44,0.0485593374830204,0.6723666508610406,0.6718965440102822,0.6835127103043273,True,0.0639285440103373,3,7,4,pilot_cv_refined_refit/adaptive_rho_normalized_stagnation_escape_newton5/small_seed_44/lambda_0.0485593374830204/result.json,False
refined_cv,small_seed_45,small,45,0.03,0.6729183117394155,0.6732978999853827,0.6848035639319006,False,0.04215429498591239,3,13,4,pilot_cv_refined_refit/adaptive_rho_normalized_stagnation_escape_newton5/small_seed_45/lambda_0.03/result.json,False
refined_cv,small_seed_46,small,46,0.144269990590721,0.6861698441963228,0.6880049304526407,0.6695203985349175,True,0.10094303851818012,0,0,4,pilot_cv_refined_refit/adaptive_rho_normalized_stagnation_escape_newton5/small_seed_46/lambda_0.144269990590721/result.json,False
refined_cv,small_seed_47,small,47,0.0001,0.677570802731023,0.6806511012767689,0.6711377921424047,True,0.1298248437377217,4,33,4,pilot_cv_refined_refit/adaptive_rho_normalized_stagnation_escape_newton5/small_seed_47/lambda_0.0001/result.json,False
refined_cv,small_seed_48,small,48,0.75,0.6853716118796898,0.6873619103176749,0.6923786879534495,True,0.09477600580580943,0,0,4,pilot_cv_refined_refit/adaptive_rho_normalized_stagnation_escape_newton5/small_seed_48/lambda_0.75/result.json,True
refined_cv,small_seed_49,small,49,0.0215766927997459,0.686707372096244,0.6904750768204567,0.6724087128455337,False,0.053291815484325926,3,12,4,pilot_cv_refined_refit/adaptive_rho_normalized_stagnation_escape_newton5/small_seed_49/lambda_0.0215766927997459/result.json,False
refined_cv,small_seed_50,small,50,0.0268787537952229,0.6895173586764379,0.6869153646496005,0.6802454212082119,True,0.17446135885844777,4,29,4,pilot_cv_refined_refit/adaptive_rho_normalized_stagnation_escape_newton5/small_seed_50/lambda_0.0268787537952229/result.json,False
refined_cv,small_seed_51,small,51,0.0240822468528069,0.6965391508193357,0.6968105930233507,0.6775927204777187,True,0.0668269252009967,2,8,4,pilot_cv_refined_refit/adaptive_rho_normalized_stagnation_escape_newton5/small_seed_51/lambda_0.0240822468528069/result.json,False
refined_cv,small_seed_52,small,52,0.22811088413887,0.696121189845654,0.696743543900661,0.6872470395384175,True,0.08537113800101917,0,0,4,pilot_cv_refined_refit/adaptive_rho_normalized_stagnation_escape_newton5/small_seed_52/lambda_0.22811088413887/result.json,False
refined_cv,small_seed_53,small,53,0.03,0.6805288203885749,0.6815861629985066,0.6775243040436882,True,0.09171189683700937,4,32,4,pilot_cv_refined_refit/adaptive_rho_normalized_stagnation_escape_newton5/small_seed_53/lambda_0.03/result.json,False
refined_cv,small_seed_54,small,54,0.011161231740339,0.7011933297926325,0.7036774009224114,0.6850368621149968,True,0.05787964226831223,4,26,4,pilot_cv_refined_refit/adaptive_rho_normalized_stagnation_escape_newton5/small_seed_54/lambda_0.011161231740339/result.json,False
refined_cv,small_seed_55,small,55,0.0547722557505166,0.6977761818532715,0.6965489561707858,0.6880145160504652,False,0.06910582106015686,1,4,4,pilot_cv_refined_refit/adaptive_rho_normalized_stagnation_escape_newton5/small_seed_55/lambda_0.0547722557505166/result.json,False
refined_cv,small_seed_56,small,56,0.0139038917031591,0.6878801287653675,0.689794375966307,0.674583306284082,True,0.07101445077399185,4,32,4,pilot_cv_refined_refit/adaptive_rho_normalized_stagnation_escape_newton5/small_seed_56/lambda_0.0139038917031591/result.json,False
refined_cv,small_seed_57,small,57,0.0193318204493176,0.6829718686618718,0.6837311104195017,0.693307229322777,True,0.04045347362459592,4,7,4,pilot_cv_refined_refit/adaptive_rho_normalized_stagnation_escape_newton5/small_seed_57/lambda_0.0193318204493176/result.json,False
refined_cv,small_seed_58,small,58,0.0215766927997459,0.6702906211290414,0.6742241256825056,0.6882552134086922,True,0.056704685348021845,4,31,4,pilot_cv_refined_refit/adaptive_rho_normalized_stagnation_escape_newton5/small_seed_58/lambda_0.0215766927997459/result.json,False
refined_cv,small_seed_59,small,59,0.0430511620249934,0.6873662387609832,0.6893520481981498,0.6917047827637142,False,0.057203391525685585,2,6,4,pilot_cv_refined_refit/adaptive_rho_normalized_stagnation_escape_newton5/small_seed_59/lambda_0.0430511620249934/result.json,False
refined_cv,small_seed_60,small,60,0.0268787537952229,0.6758258868192955,0.6769005996286563,0.6933372931761872,True,0.06569358952146473,4,24,4,pilot_cv_refined_refit/adaptive_rho_normalized_stagnation_escape_newton5/small_seed_60/lambda_0.0268787537952229/result.json,False
refined_cv,small_seed_61,small,61,0.03,0.7100688942930056,0.7107313379980706,0.6831978529481237,True,0.07901886535577132,4,32,4,pilot_cv_refined_refit/adaptive_rho_normalized_stagnation_escape_newton5/small_seed_61/lambda_0.03/result.json,False
