data_name,lambda_fuse,lambda_fuse_effective,n_samples,n_eval_samples,n_features,objective_last,neg_loglik_last,primal_residual_last,dual_residual_last,primal_tolerance_last,dual_tolerance_last,returned_iter,returned_from,returned_objective,returned_neg_loglik,returned_primal_residual,returned_dual_residual,returned_primal_tolerance,returned_dual_tolerance,stopping_reason,n_admm_iter,c_td,c_td_train,c_td_test,n_change_points,n_params,result_path,converged,bic_eligible,bic,rho,max_admm_iter,clip_eta
oracle_seed_56,0.0124573093961552,12.4573093961552,1000,1000,3,1499.9448994198324,1482.8414736847603,1.5515838457795457e-17,0.0,0.0008869174473862279,0.053276151764873346,63,converged_iterate,1499.9448994198324,1482.8414736847603,1.5515838457795457e-17,0.0,0.0008869174473862279,0.053276151764873346,residual_converged,64,0.6960833516945348,0.7088907094470666,0.6960833516945348,15,26,pilot_cv_refined_refit/adaptive_rho_normalized_stagnation_escape_newton5/oracle_seed_56/lambda_0.0124573093961552/result.json,True,True,3145.284584623056,1.0,1000,20
off_grid_seed_51,0.0,0.0,1000,1000,3,1509.303595011641,1509.303595011641,0.0,0.0,0.0015255648519658781,0.0006000000000000001,4,converged_iterate,1509.303595011641,1509.303595011641,0.0,0.0,0.0015255648519658781,0.0006000000000000001,residual_converged,5,0.6869719350073855,0.7074425313813952,0.6869719350073855,33,44,pilot_cv_refined_refit/adaptive_rho_normalized_stagnation_escape_newton5/off_grid_seed_51/lambda_0/result.json,True,True,3322.548422298496,1.0,1000,20
off_grid_seed_61,0.0215766927997459,21.5766927997459,1000,1000,3,1512.340857880073,1495.2065639647751,0.000683971931732971,0.0,0.0008536212222449861,0.11494503471523317,192,converged_iterate,1512.340857880073,1495.2065639647751,0.000683971931732971,0.0,0.0008536212222449861,0.11494503471523317,residual_converged,193,0.6909073063403682,0.7194663415071795,0.6909073063403682,18,29,pilot_cv_refined_refit/adaptive_rho_normalized_stagnation_escape_newton5/off_grid_seed_61/lambda_0.0215766927997459/result.json,True,True,3190.7380310200324,1.0,1000,20
fine_grid_seed_47,0.001,1.0,1000,1000,3,1514.593318607489,1510.366523674845,6.359601310784502e-17,0.0,0.001557327537059751,0.010086832980505138,33,converged_iterate,1514.593318607489,1510.366523674845,6.359601310784502e-17,0.0,0.001557327537059751,0.010086832980505138,residual_converged,34,0.686469592500696,0.7008195216669454,0.686469592500696,33,44,pilot_cv_refined_refit/adaptive_rho_normalized_stagnation_escape_newton5/fine_grid_seed_47/lambda_0.001/result.json,True,True,3324.674279624904,1.0,1000,20
fine_grid_seed_55,0.03,30.0,1000,1000,3,1517.44756066292,1482.0359859130447,0.000481140760299527,0.0,0.0010390540441979098,0.1141986021141885,141,converged_iterate,1517.44756066292,1482.0359859130447,0.000481140760299527,0.0,0.0010390540441979098,0.1141986021141885,residual_converged,142,0.7071458840978917,0.7143400976268689,0.7071458840978917,17,28,pilot_cv_refined_refit/adaptive_rho_normalized_stagnation_escape_newton5/fine_grid_seed_55/lambda_0.03/result.json,True,True,3157.4891196375893,1.0,1000,20
off_grid_seed_56,0.01,10.0,1000,1000,3,1517.4715044909663,1493.326917671128,0.0009870525615406573,0.012425084570943516,0.0011721922825843755,0.07031249731456951,147,converged_iterate,1517.4715044909663,1493.326917671128,0.0009870525615406573,0.012425084570943516,0.0011721922825843755,0.07031249731456951,residual_converged,148,0.6850710620381579,0.6991530001732731,0.6850710620381579,25,36,pilot_cv_refined_refit/adaptive_rho_normalized_stagnation_escape_newton5/off_grid_seed_56/lambda_0.01/result.json,True,True,3235.333025385613,1.0,1000,20
oracle_seed_55,0.0381677890961818,38.1677890961818,1000,1000,3,1522.3860920086745,1496.5205585462013,0.0002454339647077103,0.024872510818590418,0.0007667440651019456,0.09027801237786087,111,converged_iterate,1522.3860920086745,1496.5205585462013,0.0002454339647077103,0.024872510818590418,0.0007667440651019456,0.09027801237786087,residual_converged,112,0.7080362163527754,0.714430151761684,0.7080362163527754,6,17,pilot_cv_refined_refit/adaptive_rho_normalized_stagnation_escape_newton5/oracle_seed_55/lambda_0.0381677890961818/result.json,True,True,3110.472956835099,1.0,1000,20
oracle_seed_53,0.0215766927997459,21.5766927997459,1000,1000,3,1525.9317870894597,1504.0632513873516,0.00013373473659744617,1.797546735911271e-13,0.0008209068829548635,0.11290497798076074,65,converged_iterate,1525.9317870894597,1504.0632513873516,0.00013373473659744617,1.797546735911271e-13,0.0008209068829548635,0.11290497798076074,residual_converged,66,0.7006219948849105,0.705765839655526,0.7006219948849105,14,25,pilot_cv_refined_refit/adaptive_rho_normalized_stagnation_escape_newton5/oracle_seed_53/lambda_0.0215766927997459/result.json,True,True,3180.8203847492564,1.0,1000,20
off_grid_seed_46,0.0011161231740339,1.1161231740339,1000,1000,3,1528.1432902054453,1522.7683183623176,1.0927381047259614e-16,0.0,0.0017464765053891885,0.01070692520247734,36,converged_iterate,1528.1432902054453,1522.7683183623176,1.0927381047259614e-16,0.0,0.0017464765053891885,0.01070692520247734,residual_converged,37,0.6863663497250615,0.7069855285649381,0.6863663497250615,33,44,pilot_cv_refined_refit/adaptive_rho_normalized_stagnation_escape_newton5/off_grid_seed_46/lambda_0.0011161231740339/result.json,True,True,3349.4778689998493,1.0,1000,20
fine_grid_seed_56,0.0124573093961552,12.4573093961552,1000,1000,3,1530.417301689671,1485.5087503801053,0.0010535306416601953,0.0,0.0014646020808093568,0.09734576125550691,98,converged_iterate,1530.417301689671,1485.5087503801053,0.0010535306416601953,0.0,0.0014646020808093568,0.09734576125550691,residual_converged,99,0.6963240874482827,0.7091964001858599,0.6963240874482827,28,39,pilot_cv_refined_refit/adaptive_rho_normalized_stagnation_escape_newton5/fine_grid_seed_56/lambda_0.0124573093961552/result.json,True,True,3240.419956640514,1.0,1000,20
oracle_seed_58,0.01,10.0,1000,1000,3,1532.0120247915197,1517.6544493779154,0.0004179001394636894,0.017185879129429593,0.0010038995187118948,0.05054956276471917,82,converged_iterate,1532.0120247915197,1517.6544493779154,0.0004179001394636894,0.017185879129429593,0.0010038995187118948,0.05054956276471917,residual_converged,83,0.7072168566054211,0.6923277635197254,0.7072168566054211,14,25,pilot_cv_refined_refit/adaptive_rho_normalized_stagnation_escape_newton5/oracle_seed_58/lambda_0.01/result.json,True,True,3208.002780730384,1.0,1000,20
oracle_seed_42,0.0430511620249934,43.0511620249934,1000,1000,3,1533.344213003333,1499.6182743335512,0.00033097199417120304,0.0,0.0008084470788607094,0.18310820446277762,138,converged_iterate,1533.344213003333,1499.6182743335512,0.00033097199417120304,0.0,0.0008084470788607094,0.18310820446277762,residual_converged,139,0.6988416041841176,0.7243891524948396,0.6988416041841176,14,25,pilot_cv_refined_refit/adaptive_rho_normalized_stagnation_escape_newton5/oracle_seed_42/lambda_0.0430511620249934/result.json,True,True,3171.9304306416557,1.0,1000,20
off_grid_seed_55,0.0139038917031591,13.9038917031591,1000,1000,3,1535.3605386929607,1507.0190346338654,8.498374721940739e-18,0.0,0.0011199552593720982,0.09891536108187177,107,converged_iterate,1535.3605386929607,1507.0190346338654,8.498374721940739e-18,0.0,0.0011199552593720982,0.09891536108187177,residual_converged,108,0.698432280247464,0.7085749191989769,0.698432280247464,33,44,pilot_cv_refined_refit/adaptive_rho_normalized_stagnation_escape_newton5/off_grid_seed_55/lambda_0.0139038917031591/result.json,True,True,3317.979301542945,1.0,1000,20
off_grid_seed_60,0.011161231740339,11.161231740339002,1000,1000,3,1536.5769119467,1503.9155551622462,0.0010450738382779612,0.059125886279617255,0.0014051829621835907,0.08247760641591038,72,converged_iterate,1536.5769119467,1503.9155551622462,0.0010450738382779612,0.059125886279617255,0.0014051829621835907,0.08247760641591038,residual_converged,73,0.7013726412500992,0.6898939574933035,0.7013726412500992,25,36,pilot_cv_refined_refit/adaptive_rho_normalized_stagnation_escape_newton5/off_grid_seed_60/lambda_0.011161231740339/result.json,True,True,3256.510300367849,1.0,1000,20
oracle_seed_45,0.033838346190165,33.838346190165,1000,1000,3,1538.0686013543364,1507.1434557631856,0.0007827726036558399,0.03946887788117053,0.0008805881525505996,0.10499781919465377,173,converged_iterate,1538.0686013543364,1507.1434557631856,0.0007827726036558399,0.03946887788117053,0.0008805881525505996,0.10499781919465377,residual_converged,174,0.7056902966027288,0.6912367512752375,0.7056902966027288,5,16,pilot_cv_refined_refit/adaptive_rho_normalized_stagnation_escape_newton5/oracle_seed_45/lambda_0.033838346190165/result.json,True,True,3124.8109959900853,1.0,1000,20
off_grid_seed_49,0.0003,0.3,1000,1000,3,1538.6690228447872,1537.3855519948588,2.8185920280518337e-17,0.0,0.0015247369174989714,0.0031099800796022268,34,converged_iterate,1538.6690228447872,1537.3855519948588,2.8185920280518337e-17,0.0,0.0015247369174989714,0.0031099800796022268,residual_converged,35,0.6842273392244195,0.7047410542108503,0.6842273392244195,33,44,pilot_cv_refined_refit/adaptive_rho_normalized_stagnation_escape_newton5/off_grid_seed_49/lambda_0.0003/result.json,True,True,3378.7123362649318,1.0,1000,20
off_grid_seed_45,0.0173205080756888,17.3205080756888,1000,1000,3,1538.7765775512753,1515.0762194586564,0.0008935845100708991,0.04817216235530856,0.0010138076912959847,0.09522615748436468,442,converged_iterate,1538.7765775512753,1515.0762194586564,0.0008935845100708991,0.04817216235530856,0.0010138076912959847,0.09522615748436468,residual_converged,443,0.700457942361301,0.6872720084451128,0.700457942361301,17,28,pilot_cv_refined_refit/adaptive_rho_normalized_stagnation_escape_newton5/off_grid_seed_45/lambda_0.0173205080756888/result.json,True,True,3223.5695867288127,1.0,1000,20
fine_grid_seed_49,0.00022,0.22,1000,1000,3,1540.4516110991678,1539.503119389699,0.0010224398282897562,1.5700924586837752e-16,0.0015689515878709388,0.002246583221875523,14,converged_iterate,1540.4516110991678,1539.503119389699,0.0010224398282897562,1.5700924586837752e-16,0.0015689515878709388,0.002246583221875523,residual_converged,15,0.6891616041355029,0.7093547590323325,0.6891616041355029,32,43,pilot_cv_refined_refit/adaptive_rho_normalized_stagnation_escape_newton5/fine_grid_seed_49/lambda_0.00022/result.json,True,True,3376.0397157756297,1.0,1000,20
fine_grid_seed_53,0.0547722557505166,54.7722557505166,1000,1000,3,1541.5881812479797,1514.233055885213,0.0006560899272015904,0.0,0.0008949137791753072,0.15530540286890204,242,converged_iterate,1541.5881812479797,1514.233055885213,0.0006560899272015904,0.0,0.0008949137791753072,0.15530540286890204,residual_converged,243,0.6987744245524297,0.7052819356161575,0.6987744245524297,6,17,pilot_cv_refined_refit/adaptive_rho_normalized_stagnation_escape_newton5/fine_grid_seed_53/lambda_0.0547722557505166/result.json,True,True,3145.8979515131223,1.0,1000,20
oracle_seed_51,0.0617800850567412,61.7800850567412,1000,1000,3,1542.291301803992,1512.218059327777,0.00016402961262548658,0.009068921776968924,0.0006757717064244762,0.14550886917999167,147,converged_iterate,1542.291301803992,1512.218059327777,0.00016402961262548658,0.009068921776968924,0.0006757717064244762,0.14550886917999167,residual_converged,148,0.6930834589026432,0.7162154134206273,0.6930834589026432,4,15,pilot_cv_refined_refit/adaptive_rho_normalized_stagnation_escape_newton5/oracle_seed_51/lambda_0.0617800850567412/result.json,True,True,3128.052447840286,1.0,1000,20
fine_grid_seed_51,0.0617800850567412,61.7800850567412,1000,1000,3,1543.1059376232308,1512.639190760871,0.0003153329662729829,0.0,0.0008217206283551626,0.1216365360575621,237,converged_iterate,1543.1059376232308,1512.639190760871,0.0003153329662729829,0.0,0.0008217206283551626,0.1216365360575621,residual_converged,238,0.6926736169874377,0.7158896998723776,0.6926736169874377,7,18,pilot_cv_refined_refit/adaptive_rho_normalized_stagnation_escape_newton5/fine_grid_seed_51/lambda_0.0617800850567412/result.json,True,True,3149.617976543421,1.0,1000,20
fine_grid_seed_57,0.0155184557391536,15.5184557391536,1000,1000,3,1543.857037375882,1510.9406633077265,0.0009272656839033894,0.034165690710982764,0.0013211024832075263,0.09192024999149856,81,converged_iterate,1543.857037375882,1510.9406633077265,0.0009272656839033894,0.034165690710982764,0.0013211024832075263,0.09192024999149856,residual_converged,82,0.7109470689587738,0.7015560083460298,0.7109470689587738,16,27,pilot_cv_refined_refit/adaptive_rho_normalized_stagnation_escape_newton5/fine_grid_seed_57/lambda_0.0155184557391536/result.json,True,True,3208.3907191479707,1.0,1000,20
oracle_seed_61,0.0173205080756888,17.3205080756888,1000,1000,3,1544.3649873285576,1506.9512207159792,0.0009053485606104563,0.0723419577879792,0.0012728537147808903,0.09386594394384933,50,converged_iterate,1544.3649873285576,1506.9512207159792,0.0009053485606104563,0.0723419577879792,0.0012728537147808903,0.09386594394384933,residual_converged,51,0.6973241749915011,0.7248245997118496,0.6973241749915011,12,23,pilot_cv_refined_refit/adaptive_rho_normalized_stagnation_escape_newton5/oracle_seed_61/lambda_0.0173205080756888/result.json,True,True,3172.7808128485476,1.0,1000,20
fine_grid_seed_44,0.0381677890961818,38.1677890961818,1000,1000,3,1546.3717213198845,1522.062693650185,0.0007148221791849167,0.0,0.0009397317445694786,0.2556949747393195,187,converged_iterate,1546.3717213198845,1522.062693650185,0.0007148221791849167,0.0,0.0009397317445694786,0.2556949747393195,residual_converged,188,0.7000143140502628,0.6958168074808784,0.7000143140502628,23,34,pilot_cv_refined_refit/adaptive_rho_normalized_stagnation_escape_newton5/fine_grid_seed_44/lambda_0.0381677890961818/result.json,True,True,3278.989066785763,1.0,1000,20
off_grid_seed_42,0.033838346190165,33.838346190165,1000,1000,3,1548.1232580755852,1523.0860624510165,0.0010016846444227284,0.06037707128879193,0.0010337849529978343,0.08440620440735214,171,converged_iterate,1548.1232580755852,1523.0860624510165,0.0010016846444227284,0.06037707128879193,0.0010337849529978343,0.08440620440735214,residual_converged,172,0.6924725033445328,0.7181371387357683,0.6924725033445328,4,15,pilot_cv_refined_refit/adaptive_rho_normalized_stagnation_escape_newton5/off_grid_seed_42/lambda_0.033838346190165/result.json,True,True,3149.788454086765,1.0,1000,20
fine_grid_seed_45,0.0485593374830204,48.5593374830204,1000,1000,3,1549.0712526624695,1517.5042573177705,0.0005802783578064401,4.14314051144892e-14,0.0009123664111438696,0.11358366528183182,180,converged_iterate,1549.0712526624695,1517.5042573177705,0.0005802783578064401,4.14314051144892e-14,0.0009123664111438696,0.11358366528183182,residual_converged,181,0.7062028071694307,0.6891128826985146,0.7062028071694307,6,17,pilot_cv_refined_refit/adaptive_rho_normalized_stagnation_escape_newton5/fine_grid_seed_45/lambda_0.0485593374830204/result.json,True,True,3152.4403543782373,1.0,1000,20
fine_grid_seed_46,0.0268787537952229,26.8787537952229,1000,1000,3,1550.514183210235,1513.682171859474,1.6996749443881478e-17,0.1758840411573092,0.0009807212105891552,0.2439974676489161,164,converged_iterate,1550.514183210235,1513.682171859474,1.6996749443881478e-17,0.1758840411573092,0.0009807212105891552,0.2439974676489161,residual_converged,165,0.6916705748017046,0.7147459110540779,0.6916705748017046,33,44,pilot_cv_refined_refit/adaptive_rho_normalized_stagnation_escape_newton5/fine_grid_seed_46/lambda_0.0268787537952229/result.json,True,True,3331.305575994162,1.0,1000,20
off_grid_seed_53,0.0173205080756888,17.3205080756888,1000,1000,3,1551.4559941269908,1529.4590735966262,0.0006812023329127165,2.0097183471152322e-14,0.0009319802446098409,0.10926115548598438,156,converged_iterate,1551.4559941269908,1529.4590735966262,0.0006812023329127165,2.0097183471152322e-14,0.0009319802446098409,0.10926115548598438,residual_converged,157,0.6946970937372083,0.6983887808373426,0.6946970937372083,30,41,pilot_cv_refined_refit/adaptive_rho_normalized_stagnation_escape_newton5/off_grid_seed_53/lambda_0.0173205080756888/result.json,True,True,3342.13611363152,1.0,1000,20
fine_grid_seed_42,0.0786003085596623,78.6003085596623,1000,1000,3,1551.6031142989225,1518.660785457977,0.0007213656294946524,0.1059438733574678,0.0008249946528387694,0.15164117642007624,174,converged_iterate,1551.6031142989225,1518.660785457977,0.0007213656294946524,0.1059438733574678,0.0008249946528387694,0.15164117642007624,residual_converged,175,0.6980529960978201,0.7236900983831023,0.6980529960978201,3,14,pilot_cv_refined_refit/adaptive_rho_normalized_stagnation_escape_newton5/fine_grid_seed_42/lambda_0.0786003085596623/result.json,True,True,3134.0301448217037,1.0,1000,20
fine_grid_seed_43,0.03,30.0,1000,1000,3,1551.741194450928,1521.9983604418735,0.0008593009014212251,0.020351879114996023,0.0010784795551381967,0.09613995053772426,129,converged_iterate,1551.741194450928,1521.9983604418735,0.0008593009014212251,0.020351879114996023,0.0010784795551381967,0.09613995053772426,residual_converged,130,0.7156666489997106,0.7070859181903001,0.7156666489997106,10,21,pilot_cv_refined_refit/adaptive_rho_normalized_stagnation_escape_newton5/fine_grid_seed_43/lambda_0.03/result.json,True,True,3189.059581742372,1.0,1000,20
off_grid_seed_52,0.0381677890961818,38.1677890961818,1000,1000,3,1552.2041823637385,1532.612670715305,0.0004408953872254065,0.0,0.0008124085350844888,0.09742938069498329,257,converged_iterate,1552.2041823637385,1532.612670715305,0.0004408953872254065,0.0,0.0008124085350844888,0.09742938069498329,residual_converged,258,0.6992262170134542,0.7107966101001338,0.6992262170134542,11,22,pilot_cv_refined_refit/adaptive_rho_normalized_stagnation_escape_newton5/off_grid_seed_52/lambda_0.0381677890961818/result.json,True,True,3217.195957568217,1.0,1000,20
oracle_seed_44,0.0547722557505166,54.7722557505166,1000,1000,3,1554.1271601034546,1527.587541863046,0.0004315756341498177,0.0,0.0007409501096296616,0.1788394349828725,134,converged_iterate,1554.1271601034546,1527.587541863046,0.0004315756341498177,0.0,0.0007409501096296616,0.1788394349828725,residual_converged,135,0.7000429421507883,0.6948961907697458,0.7000429421507883,6,17,pilot_cv_refined_refit/adaptive_rho_normalized_stagnation_escape_newton5/oracle_seed_44/lambda_0.0547722557505166/result.json,True,True,3172.6069234687884,1.0,1000,20
fine_grid_seed_54,0.0139038917031591,13.9038917031591,1000,1000,3,1556.339779036013,1492.2150995941154,0.001076181486002692,2.0097183471152322e-14,0.0018304541764205154,0.0985756542486193,72,converged_iterate,1556.339779036013,1492.2150995941154,0.001076181486002692,2.0097183471152322e-14,0.0018304541764205154,0.0985756542486193,residual_converged,73,0.6997372494704253,0.7228633626185312,0.6997372494704253,32,43,pilot_cv_refined_refit/adaptive_rho_normalized_stagnation_escape_newton5/fine_grid_seed_54/lambda_0.0139038917031591/result.json,True,True,3281.4636761844627,1.0,1000,20
fine_grid_seed_58,0.0485593374830204,48.5593374830204,1000,1000,3,1559.0466519177337,1535.340012834892,0.0004717825270764801,0.07803292020900675,0.0008955870457637306,0.10725349019632471,162,converged_iterate,1559.0466519177337,1535.340012834892,0.0004717825270764801,0.07803292020900675,0.0008955870457637306,0.10725349019632471,residual_converged,163,0.7061824962563092,0.692545881144241,0.7061824962563092,4,15,pilot_cv_refined_refit/adaptive_rho_normalized_stagnation_escape_newton5/fine_grid_seed_58/lambda_0.0485593374830204/result.json,True,True,3174.296354854516,1.0,1000,20
fine_grid_seed_60,0.0696845301935949,69.6845301935949,1000,1000,3,1561.3037381970678,1519.6309816570924,0.0007126276412237928,0.08365991504060082,0.0009136595201347502,0.1374775110947434,98,converged_iterate,1561.3037381970678,1519.6309816570924,0.0007126276412237928,0.08365991504060082,0.0009136595201347502,0.1374775110947434,residual_converged,99,0.7119995601647753,0.6943266810022972,0.7119995601647753,4,15,pilot_cv_refined_refit/adaptive_rho_normalized_stagnation_escape_newton5/fine_grid_seed_60/lambda_0.0696845301935949/result.json,True,True,3142.878292498917,1.0,1000,20
oracle_seed_54,0.0268787537952229,26.8787537952229,1000,1000,3,1562.4514496091613,1505.370246548276,0.000509230664724034,4.0194366942304644e-14,0.0012492642602674464,0.10613693143898668,71,converged_iterate,1562.4514496091613,1505.370246548276,0.000509230664724034,4.0194366942304644e-14,0.0012492642602674464,0.10613693143898668,residual_converged,72,0.7006782629949486,0.7218691964267412,0.7006782629949486,13,24,pilot_cv_refined_refit/adaptive_rho_normalized_stagnation_escape_newton5/oracle_seed_54/lambda_0.0268787537952229/result.json,True,True,3176.5266197921237,1.0,1000,20
off_grid_seed_43,0.0155184557391536,15.5184557391536,1000,1000,3,1563.3015225041834,1533.4323041002797,0.0002435062083661066,0.0,0.001024013193102961,0.09371304379551772,98,converged_iterate,1563.3015225041834,1533.4323041002797,0.0002435062083661066,0.0,0.001024013193102961,0.09371304379551772,residual_converged,99,0.7057529341717846,0.7000190059286235,0.7057529341717846,32,43,pilot_cv_refined_refit/adaptive_rho_normalized_stagnation_escape_newton5/off_grid_seed_43/lambda_0.0155184557391536/result.json,True,True,3363.8980851967913,1.0,1000,20
oracle_seed_47,0.0215766927997459,21.5766927997459,1000,1000,3,1563.8836559827334,1524.3963067815107,2.7755575615628914e-17,0.0,0.0010607142324231278,0.11044424169341321,48,converged_iterate,1563.8836559827334,1524.3963067815107,2.7755575615628914e-17,0.0,0.0010607142324231278,0.11044424169341321,residual_converged,49,0.6887455572963976,0.7022798937762856,0.6887455572963976,15,26,pilot_cv_refined_refit/adaptive_rho_normalized_stagnation_escape_newton5/oracle_seed_47/lambda_0.0215766927997459/result.json,True,True,3228.394250816557,1.0,1000,20
fine_grid_seed_61,0.0155184557391536,15.5184557391536,1000,1000,3,1566.0387770955604,1501.9728203701873,3.8983061664562125e-17,1.267079206011133e-13,0.0016626153664532984,0.11878503786278542,81,converged_iterate,1566.0387770955604,1501.9728203701873,3.8983061664562125e-17,1.267079206011133e-13,0.0016626153664532984,0.11878503786278542,residual_converged,82,0.6956899270527424,0.7251449934900882,0.6956899270527424,33,44,pilot_cv_refined_refit/adaptive_rho_normalized_stagnation_escape_newton5/fine_grid_seed_61/lambda_0.0155184557391536/result.json,True,True,3307.8868730155887,1.0,1000,20
oracle_seed_57,0.0430511620249934,43.0511620249934,1000,1000,3,1570.5730339945105,1537.9263552931209,0.0002876934325099032,3.2155493553843715e-13,0.000815457934733206,0.11516504853421884,123,converged_iterate,1570.5730339945105,1537.9263552931209,0.0002876934325099032,3.2155493553843715e-13,0.000815457934733206,0.11516504853421884,residual_converged,124,0.7135202343433179,0.7026655489676581,0.7135202343433179,5,16,pilot_cv_refined_refit/adaptive_rho_normalized_stagnation_escape_newton5/oracle_seed_57/lambda_0.0430511620249934/result.json,True,True,3186.376795049956,1.0,1000,20
small_seed_54,0.011161231740339,11.161231740339002,1000,1000,3,1572.2416471061294,1560.5077885378025,0.0008741677861139143,0.0,0.0009851427332632063,0.07972356877247755,184,converged_iterate,1572.2416471061294,1560.5077885378025,0.0008741677861139143,0.0,0.0009851427332632063,0.07972356877247755,residual_converged,185,0.6850368621149968,0.7036774009224114,0.6850368621149968,26,37,pilot_cv_refined_refit/adaptive_rho_normalized_stagnation_escape_newton5/small_seed_54/lambda_0.011161231740339/result.json,True,True,3376.602522397944,1.0,1000,20
fine_grid_seed_48,0.0430511620249934,43.0511620249934,1000,1000,3,1573.9687047646976,1548.1094539750127,0.0005768680140677534,0.0,0.0009306584964288927,0.09062685794055755,177,converged_iterate,1573.9687047646976,1548.1094539750127,0.0005768680140677534,0.0,0.0009306584964288927,0.09062685794055755,residual_converged,178,0.712939881047405,0.7113864441371107,0.712939881047405,4,15,pilot_cv_refined_refit/adaptive_rho_normalized_stagnation_escape_newton5/fine_grid_seed_48/lambda_0.0430511620249934/result.json,True,True,3199.8352371347573,1.0,1000,20
off_grid_seed_44,0.0381677890961818,38.1677890961818,1000,1000,3,1574.5863069736279,1547.4805155527363,0.008599974322942034,6.340523209216285,0.0008508172497262395,0.08355432272645104,286,best_iterate,1573.8287318232335,1547.1576668718183,0.020463355222478483,6.806338039119523,0.0008401162046414235,0.0842019497040979,max_iter,1000,0.6938546801800423,0.68656548989694,0.6938546801800423,13,24,pilot_cv_refined_refit/adaptive_rho_normalized_stagnation_escape_newton5/off_grid_seed_44/lambda_0.0381677890961818/result.json,False,False,,1.0,1000,20
off_grid_seed_59,0.0215766927997459,21.5766927997459,1000,1000,3,1575.2361172899655,1546.9996189667374,0.0005374616216878847,0.0,0.0009020048452594324,0.1527072741026552,118,converged_iterate,1575.2361172899655,1546.9996189667374,0.0005374616216878847,0.0,0.0009020048452594324,0.1527072741026552,residual_converged,119,0.7013865528982237,0.7017948691814541,0.7013865528982237,32,43,pilot_cv_refined_refit/adaptive_rho_normalized_stagnation_escape_newton5/off_grid_seed_59/lambda_0.0215766927997459/result.json,True,True,3391.032714929707,1.0,1000,20
oracle_seed_60,0.0139038917031591,13.9038917031591,1000,1000,3,1575.9386358816416,1526.479799572362,0.0017104654607134036,2.0097183471152322e-14,0.0017239445058329695,0.0640918619236777,51,converged_iterate,1575.9386358816416,1526.479799572362,0.0017104654607134036,2.0097183471152322e-14,0.0017239445058329695,0.0640918619236777,residual_converged,52,0.7083546293675536,0.69427771679921,0.7083546293675536,13,24,pilot_cv_refined_refit/adaptive_rho_normalized_stagnation_escape_newton5/oracle_seed_60/lambda_0.0139038917031591/result.json,True,True,3218.7457258402956,1.0,1000,20
fine_grid_seed_59,0.0617800850567412,61.7800850567412,1000,1000,3,1576.200857468923,1548.6869616897666,0.0004072950723000918,0.0194031003448709,0.0008653857767121307,0.11090825843602314,134,converged_iterate,1576.200857468923,1548.6869616897666,0.0004072950723000918,0.0194031003448709,0.0008653857767121307,0.11090825843602314,residual_converged,135,0.7129142397247196,0.7100096063830438,0.7129142397247196,5,16,pilot_cv_refined_refit/adaptive_rho_normalized_stagnation_escape_newton5/fine_grid_seed_59/lambda_0.0617800850567412/result.json,True,True,3207.8980078432473,1.0,1000,20
off_grid_seed_58,0.0268787537952229,26.8787537952229,1000,1000,3,1577.823913172958,1558.7202443304031,0.009641060483264435,0.11777708752232217,0.0008291126371359377,0.11877896362477997,943,best_iterate,1576.9939261821332,1558.858747763106,0.0003010329889687931,3.2702063760464015,0.0008265751572544653,0.14687404936358556,max_iter,1000,0.6980626302078025,0.6842407413439302,0.6980626302078025,16,27,pilot_cv_refined_refit/adaptive_rho_normalized_stagnation_escape_newton5/off_grid_seed_58/lambda_0.0268787537952229/result.json,False,False,,1.0,1000,20
off_grid_seed_50,1e-05,0.01,1000,1000,3,1578.0337724747233,1577.983444491954,3.469446951953614e-17,0.0,0.001681149077112676,0.0006812403840463597,7,converged_iterate,1578.0337724747233,1577.983444491954,3.469446951953614e-17,0.0,0.001681149077112676,0.0006812403840463597,residual_converged,8,0.6932471352161674,0.7002143338300435,0.6932471352161674,33,44,pilot_cv_refined_refit/adaptive_rho_normalized_stagnation_escape_newton5/off_grid_seed_50/lambda_1e-05/result.json,True,True,3459.9081212591223,1.0,1000,20
off_grid_seed_47,0.0215766927997459,21.5766927997459,1000,1000,3,1580.4704626387224,1553.1863602770024,0.0,0.07160136784265203,0.0009511484373792369,0.1591556630884837,152,converged_iterate,1580.4704626387224,1553.1863602770024,0.0,0.07160136784265203,0.0009511484373792369,0.1591556630884837,residual_converged,153,0.6827164331324065,0.6929242523386395,0.6827164331324065,33,44,pilot_cv_refined_refit/adaptive_rho_normalized_stagnation_escape_newton5/off_grid_seed_47/lambda_0.0215766927997459/result.json,True,True,3410.313952829219,1.0,1000,20
fine_grid_seed_50,0.0240822468528069,24.0822468528069,1000,1000,3,1581.692544514224,1562.4418553916098,0.0005912693328600677,0.0,0.0008824084441840935,0.08797731826788874,164,converged_iterate,1581.692544514224,1562.4418553916098,0.0005912693328600677,0.0,0.0008824084441840935,0.08797731826788874,residual_converged,165,0.7028872558420415,0.7116074549702869,0.7028872558420415,10,21,pilot_cv_refined_refit/adaptive_rho_normalized_stagnation_escape_newton5/fine_grid_seed_50/lambda_0.0240822468528069/result.json,True,True,3269.9465716418445,1.0,1000,20
off_grid_seed_48,0.0240822468528069,24.0822468528069,1000,1000,3,1582.6494816791305,1562.0287034511234,0.0008550489992211339,0.0,0.0008786121428009844,0.11058723510987434,235,converged_iterate,1582.6494816791305,1562.0287034511234,0.0008550489992211339,0.0,0.0008786121428009844,0.11058723510987434,residual_converged,236,0.7067225824409732,0.7038864119177053,0.7067225824409732,19,30,pilot_cv_refined_refit/adaptive_rho_normalized_stagnation_escape_newton5/off_grid_seed_48/lambda_0.0240822468528069/result.json,True,True,3331.290065271711,1.0,1000,20
oracle_seed_50,0.03,30.0,1000,1000,3,1582.735033646953,1557.6326785766369,0.0004808685931254015,0.0,0.0007458503382082057,0.14756393267562207,107,converged_iterate,1582.735033646953,1557.6326785766369,0.0004808685931254015,0.0,0.0007458503382082057,0.14756393267562207,residual_converged,108,0.7015244188561146,0.7115236407271806,0.7015244188561146,10,21,pilot_cv_refined_refit/adaptive_rho_normalized_stagnation_escape_newton5/oracle_seed_50/lambda_0.03/result.json,True,True,3260.3282180118986,1.0,1000,20
oracle_seed_48,0.0617800850567412,61.7800850567412,1000,1000,3,1583.9488196217287,1556.6707201825186,0.0002254041455717156,0.1002038566696954,0.0006738279910258056,0.13392553613945474,65,converged_iterate,1583.9488196217287,1556.6707201825186,0.0002254041455717156,0.1002038566696954,0.0006738279910258056,0.13392553613945474,residual_converged,66,0.7132632552732512,0.7113029344489684,0.7132632552732512,3,14,pilot_cv_refined_refit/adaptive_rho_normalized_stagnation_escape_newton5/oracle_seed_48/lambda_0.0617800850567412/result.json,True,True,3210.050014270787,1.0,1000,20
small_seed_61,0.03,30.0,1000,1000,3,1584.6415850691149,1567.1353324059378,0.0001068872684359401,0.0,0.0007458191748531956,0.235689649940386,563,converged_iterate,1584.6415850691149,1567.1353324059378,0.0001068872684359401,0.0,0.0007458191748531956,0.235689649940386,residual_converged,564,0.6831978529481237,0.7107313379980706,0.6831978529481237,32,43,pilot_cv_refined_refit/adaptive_rho_normalized_stagnation_escape_newton5/small_seed_61/lambda_0.03/result.json,True,True,3431.3041418081075,1.0,1000,20
oracle_seed_46,0.0193318204493176,19.3318204493176,1000,1000,3,1587.2360423562673,1536.6488664854035,5.572756979560851e-17,0.0,0.0013260742030255955,0.09899759377305442,69,converged_iterate,1587.2360423562673,1536.6488664854035,5.572756979560851e-17,0.0,0.0013260742030255955,0.09899759377305442,residual_converged,70,0.6939298166914748,0.71644534573193,0.6939298166914748,15,26,pilot_cv_refined_refit/adaptive_rho_normalized_stagnation_escape_newton5/oracle_seed_46/lambda_0.0193318204493176/result.json,True,True,3252.8993702243424,1.0,1000,20
off_grid_seed_57,0.0215766927997459,21.5766927997459,1000,1000,3,1590.1043889504992,1564.7987543227061,0.0009033691790940201,0.04229019171743902,0.001036944195637839,0.08447777357813725,255,converged_iterate,1590.1043889504992,1564.7987543227061,0.0009033691790940201,0.04229019171743902,0.001036944195637839,0.08447777357813725,residual_converged,256,0.7064750510170495,0.6962308334521167,0.7064750510170495,12,23,pilot_cv_refined_refit/adaptive_rho_normalized_stagnation_escape_newton5/off_grid_seed_57/lambda_0.0215766927997459/result.json,True,True,3288.4758800620016,1.0,1000,20
fine_grid_seed_52,0.0193318204493176,19.3318204493176,1000,1000,3,1594.1868902327976,1531.0259515431082,4.0498965809543375e-05,2.864289338439558e-14,0.0014275984177392377,0.14774035410985348,105,converged_iterate,1594.1868902327976,1531.0259515431082,4.0498965809543375e-05,2.864289338439558e-14,0.0014275984177392377,0.14774035410985348,residual_converged,106,0.707093000743843,0.7191871519413512,0.707093000743843,32,43,pilot_cv_refined_refit/adaptive_rho_normalized_stagnation_escape_newton5/fine_grid_seed_52/lambda_0.0193318204493176/result.json,True,True,3359.0853800824484,1.0,1000,20
oracle_seed_52,0.033838346190165,33.838346190165,1000,1000,3,1594.6296650910253,1536.0081131877612,0.0009121500224421149,0.03492433884547448,0.0011384597778752955,0.14448190962370283,60,converged_iterate,1594.6296650910253,1536.0081131877612,0.0009121500224421149,0.03492433884547448,0.0011384597778752955,0.14448190962370283,residual_converged,61,0.705686831942449,0.7164814788284148,0.705686831942449,10,21,pilot_cv_refined_refit/adaptive_rho_normalized_stagnation_escape_newton5/oracle_seed_52/lambda_0.033838346190165/result.json,True,True,3217.079087234147,1.0,1000,20
small_seed_56,0.0139038917031591,13.9038917031591,1000,1000,3,1599.1175399442905,1568.0432112191634,7.169676660266633e-05,0.0,0.0010670046906020368,0.12057675144904881,68,converged_iterate,1599.1175399442905,1568.0432112191634,7.169676660266633e-05,0.0,0.0010670046906020368,0.12057675144904881,residual_converged,69,0.674583306284082,0.689794375966307,0.674583306284082,32,43,pilot_cv_refined_refit/adaptive_rho_normalized_stagnation_escape_newton5/small_seed_56/lambda_0.0139038917031591/result.json,True,True,3433.1198994345586,1.0,1000,20
oracle_seed_49,0.0193318204493176,19.3318204493176,1000,1000,3,1603.5331186395895,1544.9821332779447,7.343435057440258e-17,0.0,0.0013332558747217492,0.09899759377305443,53,converged_iterate,1603.5331186395895,1544.9821332779447,7.343435057440258e-17,0.0,0.0013332558747217492,0.09899759377305443,residual_converged,54,0.691115385006767,0.7099202047852633,0.691115385006767,15,26,pilot_cv_refined_refit/adaptive_rho_normalized_stagnation_escape_newton5/oracle_seed_49/lambda_0.0193318204493176/result.json,True,True,3269.565903809425,1.0,1000,20
small_seed_55,0.0547722557505166,54.7722557505166,1000,1000,3,1611.6512678634656,1596.4621158176305,0.022060919046082872,7.824337762121722,0.0006756581576926856,0.09985790106896468,909,best_iterate,1607.1231829621936,1598.2803020596448,0.0020892675915417914,1.1462488706210605,0.000661480166295929,0.09973100216673912,max_iter,1000,0.6880145160504652,0.6965489561707858,0.6880145160504652,4,15,pilot_cv_refined_refit/adaptive_rho_normalized_stagnation_escape_newton5/small_seed_55/lambda_0.0547722557505166/result.json,False,False,,1.0,1000,20
small_seed_43,0.0003,0.3,1000,1000,3,1611.9677058762732,1610.3096643605618,0.0006592311141441209,0.0,0.001812207101730895,0.003153827449950685,32,converged_iterate,1611.9677058762732,1610.3096643605618,0.0006592311141441209,0.0,0.001812207101730895,0.003153827449950685,residual_converged,33,0.6930635568181588,0.689544579858884,0.6930635568181588,32,43,pilot_cv_refined_refit/adaptive_rho_normalized_stagnation_escape_newton5/small_seed_43/lambda_0.0003/result.json,True,True,3517.6528057173555,1.0,1000,20
small_seed_51,0.0240822468528069,24.0822468528069,1000,1000,3,1614.3086902697858,1605.3968531938226,0.0003875398428826528,0.0,0.0007376138890867032,0.07077166894957124,407,converged_iterate,1614.3086902697858,1605.3968531938226,0.0003875398428826528,0.0,0.0007376138890867032,0.07077166894957124,residual_converged,408,0.6775927204777187,0.6968105930233507,0.6775927204777187,8,19,pilot_cv_refined_refit/adaptive_rho_normalized_stagnation_escape_newton5/small_seed_51/lambda_0.0240822468528069/result.json,True,True,3342.0410566883056,1.0,1000,20
small_seed_47,0.0001,0.1,1000,1000,3,1615.0195477598159,1614.4484142298102,1.2018516789897274e-17,0.0,0.0019517941587517912,0.0016099504938362082,23,converged_iterate,1615.0195477598159,1614.4484142298102,1.2018516789897274e-17,0.0,0.0019517941587517912,0.0016099504938362082,residual_converged,24,0.6711377921424047,0.6806511012767689,0.6711377921424047,33,44,pilot_cv_refined_refit/adaptive_rho_normalized_stagnation_escape_newton5/small_seed_47/lambda_0.0001/result.json,True,True,3532.8380607348345,1.0,1000,20
small_seed_52,0.22811088413887,228.11088413887,1000,1000,3,1615.165477957323,1615.002586875367,0.00016049328618855573,0.0,0.0005746167579399914,0.162285235767701,77,converged_iterate,1615.165477957323,1615.002586875367,0.00016049328618855573,0.0,0.0005746167579399914,0.162285235767701,residual_converged,78,0.6872470395384175,0.696743543900661,0.6872470395384175,0,11,pilot_cv_refined_refit/adaptive_rho_normalized_stagnation_escape_newton5/small_seed_52/lambda_0.22811088413887/result.json,True,True,3305.9904818195373,1.0,1000,20
off_grid_seed_54,0.0193318204493176,19.3318204493176,1000,1000,3,1616.6240330172866,1566.1719124459037,0.0010341935328456744,0.06286309932597359,0.0015065256717470494,0.10162540850570498,66,converged_iterate,1616.6240330172866,1566.1719124459037,0.0010341935328456744,0.06286309932597359,0.0015065256717470494,0.10162540850570498,residual_converged,67,0.6935047498932037,0.7133237684534981,0.6935047498932037,20,31,pilot_cv_refined_refit/adaptive_rho_normalized_stagnation_escape_newton5/off_grid_seed_54/lambda_0.0193318204493176/result.json,True,True,3346.4842385402535,1.0,1000,20
oracle_seed_43,0.0240822468528069,24.0822468528069,1000,1000,3,1620.8164344918612,1577.9132903434008,0.000795684949821557,0.0,0.0010786278509354766,0.11501335336416449,89,converged_iterate,1620.8164344918612,1577.9132903434008,0.000795684949821557,0.0,0.0010786278509354766,0.11501335336416449,residual_converged,90,0.7128453720049414,0.7045447105233006,0.7128453720049414,13,24,pilot_cv_refined_refit/adaptive_rho_normalized_stagnation_escape_newton5/oracle_seed_43/lambda_0.0240822468528069/result.json,True,True,3321.6127073823727,1.0,1000,20
no_change_seed_61,0.03,30.0,1000,1000,3,1621.1172918733284,1616.146436897672,0.0005701127659244049,0.0466455590181663,0.0006537916709548865,0.07782290861403292,461,converged_iterate,1621.1172918733284,1616.146436897672,0.0005701127659244049,0.0466455590181663,0.0006537916709548865,0.07782290861403292,residual_converged,462,0.6707400428769327,0.6994957498334065,0.6707400428769327,6,17,pilot_cv_refined_refit/adaptive_rho_normalized_stagnation_escape_newton5/no_change_seed_61/lambda_0.03/result.json,True,True,3349.7247135380403,1.0,1000,20
small_seed_45,0.03,30.0,1000,1000,3,1622.1174760634647,1604.2373613536413,0.01065528847482651,3.2420667545910042,0.0008180164253294371,0.09059476456888454,450,best_iterate,1621.6258266590933,1604.6973465151973,0.0011064705100718689,1.0004690799973768,0.0008173111513792762,0.08992366881517971,max_iter,1000,0.6848035639319006,0.6732978999853827,0.6848035639319006,13,24,pilot_cv_refined_refit/adaptive_rho_normalized_stagnation_escape_newton5/small_seed_45/lambda_0.03/result.json,False,False,,1.0,1000,20
small_seed_60,0.0268787537952229,26.8787537952229,1000,1000,3,1622.1329056972195,1596.084067522515,0.0007044731522327007,0.0,0.0009333061065603606,0.15973180712387544,336,converged_iterate,1622.1329056972195,1596.084067522515,0.0007044731522327007,0.0,0.0009333061065603606,0.15973180712387544,residual_converged,337,0.6933372931761872,0.6769005996286563,0.6933372931761872,24,35,pilot_cv_refined_refit/adaptive_rho_normalized_stagnation_escape_newton5/small_seed_60/lambda_0.0268787537952229/result.json,True,True,3433.9395698094045,1.0,1000,20
small_seed_58,0.0215766927997459,21.5766927997459,1000,1000,3,1625.292769384633,1614.2786029679341,0.0006317155624315884,0.0,0.0007867127254470074,0.16405038347286163,378,converged_iterate,1625.292769384633,1614.2786029679341,0.0006317155624315884,0.0,0.0007867127254470074,0.16405038347286163,residual_converged,379,0.6882552134086922,0.6742241256825056,0.6882552134086922,31,42,pilot_cv_refined_refit/adaptive_rho_normalized_stagnation_escape_newton5/small_seed_58/lambda_0.0215766927997459/result.json,True,True,3518.682927653118,1.0,1000,20
small_seed_42,0.0547722557505166,54.7722557505166,1000,1000,3,1627.9540241590355,1603.222475034079,0.00022148655620457536,0.0,0.0007213516133074376,0.3575220775386051,339,converged_iterate,1627.9540241590355,1603.222475034079,0.00022148655620457536,0.0,0.0007213516133074376,0.3575220775386051,residual_converged,340,0.6814002879256524,0.7050509688488399,0.6814002879256524,32,43,pilot_cv_refined_refit/adaptive_rho_normalized_stagnation_escape_newton5/small_seed_42/lambda_0.0547722557505166/result.json,True,True,3503.47842706439,1.0,1000,20
small_seed_53,0.03,30.0,1000,1000,3,1629.4179479789777,1616.073632408513,0.00027664989292341957,0.0,0.0007458582237819492,0.21916807674426284,299,converged_iterate,1629.4179479789777,1616.073632408513,0.00027664989292341957,0.0,0.0007458582237819492,0.21916807674426284,residual_converged,300,0.6775243040436882,0.6815861629985066,0.6775243040436882,32,43,pilot_cv_refined_refit/adaptive_rho_normalized_stagnation_escape_newton5/small_seed_53/lambda_0.03/result.json,True,True,3529.180741813258,1.0,1000,20
oracle_seed_59,0.0381677890961818,38.1677890961818,1000,1000,3,1631.3428389936128,1570.027377615431,0.0011385216151346671,0.018676345642022172,0.0011505566795021048,0.16307210304106398,63,converged_iterate,1631.3428389936128,1570.027377615431,0.0011385216151346671,0.018676345642022172,0.0011505566795021048,0.16307210304106398,residual_converged,64,0.7072107122839363,0.7074315876638541,0.7072107122839363,8,19,pilot_cv_refined_refit/adaptive_rho_normalized_stagnation_escape_newton5/oracle_seed_59/lambda_0.0381677890961818/result.json,True,True,3271.3021055315226,1.0,1000,20
small_seed_49,0.0215766927997459,21.5766927997459,1000,1000,3,1633.4170556426775,1619.2229949479515,0.0009259781660759052,0.3780999214971744,0.0008248181026078709,0.08134051435164727,152,best_iterate,1633.3790117415142,1619.217512310086,0.0003820286309526886,0.9737597476832356,0.0008246851205799724,0.08139827129781044,max_iter,1000,0.6724087128455337,0.6904750768204567,0.6724087128455337,12,23,pilot_cv_refined_refit/adaptive_rho_normalized_stagnation_escape_newton5/small_seed_49/lambda_0.0215766927997459/result.json,False,False,,1.0,1000,20
no_change_seed_52,0.00026,0.25999999999999995,1000,1000,3,1635.1544486114278,1634.2121843817613,1.8027775184845912e-17,0.0,0.0013684821806094817,0.003011140808828882,33,converged_iterate,1635.1544486114278,1634.2121843817613,1.8027775184845912e-17,0.0,0.0013684821806094817,0.003011140808828882,residual_converged,34,0.6703196199201962,0.6838709546769918,0.6703196199201962,33,44,pilot_cv_refined_refit/adaptive_rho_normalized_stagnation_escape_newton5/no_change_seed_52/lambda_0.00026/result.json,True,True,3572.3656010387367,1.0,1000,20
small_seed_57,0.0193318204493176,19.3318204493176,1000,1000,3,1636.3971540004993,1626.4549603950784,0.0005014972059710526,0.0,0.0008374365099042044,0.07942737333357723,116,converged_iterate,1636.3971540004993,1626.4549603950784,0.0005014972059710526,0.0,0.0008374365099042044,0.07942737333357723,residual_converged,117,0.693307229322777,0.6837311104195017,0.693307229322777,7,18,pilot_cv_refined_refit/adaptive_rho_normalized_stagnation_escape_newton5/small_seed_57/lambda_0.0193318204493176/result.json,True,True,3377.2495158118354,1.0,1000,20
small_seed_59,0.0430511620249934,43.0511620249934,1000,1000,3,1639.0378264158317,1628.8202422384325,0.004584815610574631,1.289619149181948,0.0007197031201859877,0.08714060869771484,534,best_iterate,1638.547142863523,1628.745229203051,0.001806091155056412,0.4459121438148168,0.0007205308884447839,0.08709261630218287,max_iter,1000,0.6917047827637142,0.6893520481981498,0.6917047827637142,6,17,pilot_cv_refined_refit/adaptive_rho_normalized_stagnation_escape_newton5/small_seed_59/lambda_0.0430511620249934/result.json,False,False,,1.0,1000,20
no_change_seed_42,0.0124573093961552,12.4573093961552,1000,1000,3,1640.130500852705,1628.7827042060294,2.9142339144583307e-05,5.446206940275961e-14,0.0008323771747289399,0.08869182737743639,195,converged_iterate,1640.130500852705,1628.7827042060294,2.9142339144583307e-05,5.446206940275961e-14,0.0008323771747289399,0.08869182737743639,residual_converged,196,0.6662079759339811,0.6881583284369223,0.6662079759339811,32,43,pilot_cv_refined_refit/adaptive_rho_normalized_stagnation_escape_newton5/no_change_seed_42/lambda_0.0124573093961552/result.json,True,True,3554.5988854082907,1.0,1000,20
small_seed_44,0.0485593374830204,48.5593374830204,1000,1000,3,1641.593670173096,1631.0032055918325,0.0005265398740791311,0.10498464037172067,0.0007214161509792258,0.11147626478606558,363,converged_iterate,1641.593670173096,1631.0032055918325,0.0005265398740791311,0.10498464037172067,0.0007214161509792258,0.11147626478606558,residual_converged,364,0.6835127103043273,0.6718965440102822,0.6835127103043273,7,18,pilot_cv_refined_refit/adaptive_rho_normalized_stagnation_escape_newton5/small_seed_44/lambda_0.0485593374830204/result.json,True,True,3386.3460062053437,1.0,1000,20
no_change_seed_54,0.75,750.0,1000,1000,3,1642.1086738136719,1640.7044929676047,0.0004445694419180449,0.0,0.0005749008340957209,0.07299348872586338,57,converged_iterate,1642.1086738136719,1640.7044929676047,0.0004445694419180449,0.0,0.0005749008340957209,0.07299348872586338,residual_converged,58,0.6694198153866077,0.6831875864313024,0.6694198153866077,0,11,pilot_cv_refined_refit/adaptive_rho_normalized_stagnation_escape_newton5/no_change_seed_54/lambda_0.75/result.json,True,True,3357.394294004013,1.0,1000,20
small_seed_46,0.144269990590721,144.269990590721,1000,1000,3,1644.7289876338762,1644.4964660269923,0.00036786768473487293,0.0,0.0005748241323385377,0.09829120866085676,70,converged_iterate,1644.7289876338762,1644.4964660269923,0.00036786768473487293,0.0,0.0005748241323385377,0.09829120866085676,residual_converged,71,0.6695203985349175,0.6880049304526407,0.6695203985349175,0,11,pilot_cv_refined_refit/adaptive_rho_normalized_stagnation_escape_newton5/small_seed_46/lambda_0.144269990590721/result.json,True,True,3364.978240122788,1.0,1000,20
no_change_seed_56,0.0240822468528069,24.0822468528069,1000,1000,3,1645.9073629427896,1641.4047876994778,0.0006360158690710423,0.0,0.0006432014522470294,0.1846260859368388,270,converged_iterate,1645.9073629427896,1641.4047876994778,0.0006360158690710423,0.0,0.0006432014522470294,0.1846260859368388,residual_converged,271,0.6604152020600051,0.6720492943909805,0.6604152020600051,27,38,pilot_cv_refined_refit/adaptive_rho_normalized_stagnation_escape_newton5/no_change_seed_56/lambda_0.0240822468528069/result.json,True,True,3545.304276000277,1.0,1000,20
no_change_seed_55,0.75,750.0,1000,1000,3,1648.9304813318715,1647.2089999843165,0.0005359252673975991,0.0,0.0005749921899212005,0.08523345229657768,62,converged_iterate,1648.9304813318715,1647.2089999843165,0.0005359252673975991,0.0,0.0005749921899212005,0.08523345229657768,residual_converged,63,0.6710068953252444,0.6848839405193893,0.6710068953252444,0,11,pilot_cv_refined_refit/adaptive_rho_normalized_stagnation_escape_newton5/no_change_seed_55/lambda_0.75/result.json,True,True,3370.4033080374365,1.0,1000,20
small_seed_48,0.75,750.0,1000,1000,3,1655.7557423015594,1653.98185965488,0.0005406532771257387,0.0,0.0005749969179309286,0.1058741603365999,56,converged_iterate,1655.7557423015594,1653.98185965488,0.0005406532771257387,0.0,0.0005749969179309286,0.1058741603365999,residual_converged,57,0.6923786879534495,0.6873619103176749,0.6923786879534495,0,11,pilot_cv_refined_refit/adaptive_rho_normalized_stagnation_escape_newton5/small_seed_48/lambda_0.75/result.json,True,True,3383.9490273785636,1.0,1000,20
no_change_seed_51,0.75,750.0,1000,1000,3,1667.616869514238,1666.0084828237323,0.0004692393278789968,0.0,0.0005749255039816819,0.06020467080239941,53,converged_iterate,1667.616869514238,1666.0084828237323,0.0004692393278789968,0.0,0.0005749255039816819,0.06020467080239941,residual_converged,54,0.659461099034427,0.6789484810172896,0.659461099034427,0,11,pilot_cv_refined_refit/adaptive_rho_normalized_stagnation_escape_newton5/no_change_seed_51/lambda_0.75/result.json,True,True,3408.002273716268,1.0,1000,20
no_change_seed_45,0.0886568150565213,88.6568150565213,1000,1000,3,1671.7882975392931,1671.6980544953851,0.00021064459993773714,0.0,0.0005746669092537406,0.07364829368889553,60,converged_iterate,1671.7882975392931,1671.6980544953851,0.00021064459993773714,0.0,0.0005746669092537406,0.07364829368889553,residual_converged,61,0.6666808882387599,0.6548287146566502,0.6666808882387599,0,11,pilot_cv_refined_refit/adaptive_rho_normalized_stagnation_escape_newton5/no_change_seed_45/lambda_0.0886568150565213/result.json,True,True,3419.381417059574,1.0,1000,20
no_change_seed_60,0.0139038917031591,13.9038917031591,1000,1000,3,1674.0987708696216,1657.634727678732,0.0007052385012716733,0.06730128834143626,0.0010076036560496527,0.08464625898658658,90,converged_iterate,1674.0987708696216,1657.634727678732,0.0007052385012716733,0.06730128834143626,0.0010076036560496527,0.08464625898658658,residual_converged,91,0.6763526952324261,0.6578337164207819,0.6763526952324261,16,27,pilot_cv_refined_refit/adaptive_rho_normalized_stagnation_escape_newton5/no_change_seed_60/lambda_0.0139038917031591/result.json,True,True,3501.7788478899815,1.0,1000,20
no_change_seed_43,0.03,30.0,1000,1000,3,1675.9450325085265,1673.9555468140288,6.307471363593841e-05,0.07401536835144004,0.0006228652586158581,0.07887183868420179,441,converged_iterate,1675.9450325085265,1673.9555468140288,6.307471363593841e-05,0.07401536835144004,0.0006228652586158581,0.07887183868420179,residual_converged,442,0.6818686642889944,0.6752421497989106,0.6818686642889944,3,14,pilot_cv_refined_refit/adaptive_rho_normalized_stagnation_escape_newton5/no_change_seed_43/lambda_0.03/result.json,True,True,3444.6196675338074,1.0,1000,20
no_change_seed_46,0.189914448233093,189.914448233093,1000,1000,3,1676.7149110001014,1676.2958285498062,0.0004656304074341244,0.0,0.000574921895061237,0.07199216878580736,60,converged_iterate,1676.7149110001014,1676.2958285498062,0.0004656304074341244,0.0,0.000574921895061237,0.07199216878580736,residual_converged,61,0.6542927993452109,0.6698649436455499,0.6542927993452109,0,11,pilot_cv_refined_refit/adaptive_rho_normalized_stagnation_escape_newton5/no_change_seed_46/lambda_0.189914448233093/result.json,True,True,3428.576965168416,1.0,1000,20
no_change_seed_59,0.75,750.0,1000,1000,3,1678.1443476127508,1676.6321443235818,0.0004693242890273379,0.0,0.0005749255889428302,0.06738478333092289,56,converged_iterate,1678.1443476127508,1676.6321443235818,0.0004693242890273379,0.0,0.0005749255889428302,0.06738478333092289,residual_converged,57,0.6742252609844698,0.671451594616045,0.6742252609844698,0,11,pilot_cv_refined_refit/adaptive_rho_normalized_stagnation_escape_newton5/no_change_seed_59/lambda_0.75/result.json,True,True,3429.249596715967,1.0,1000,20
no_change_seed_53,0.0485593374830204,48.5593374830204,1000,1000,3,1680.771352285287,1680.6909701214863,0.00036648894413585326,0.0,0.0005748227535979387,0.07712785150978617,63,converged_iterate,1680.771352285287,1680.6909701214863,0.00036648894413585326,0.0,0.0005748227535979387,0.07712785150978617,residual_converged,64,0.66203007518797,0.6613463351342584,0.66203007518797,0,11,pilot_cv_refined_refit/adaptive_rho_normalized_stagnation_escape_newton5/no_change_seed_53/lambda_0.0485593374830204/result.json,True,True,3437.367248311776,1.0,1000,20
no_change_seed_48,0.144269990590721,144.269990590721,1000,1000,3,1683.9281465941592,1683.7786592592229,0.00021620617748395826,0.0,0.0005746724708312869,0.07009694388514898,65,converged_iterate,1683.9281465941592,1683.7786592592229,0.00021620617748395826,0.0,0.0005746724708312869,0.07009694388514898,residual_converged,66,0.682098941136286,0.6740002924784297,0.682098941136286,0,11,pilot_cv_refined_refit/adaptive_rho_normalized_stagnation_escape_newton5/no_change_seed_48/lambda_0.144269990590721/result.json,True,True,3443.5426265872493,1.0,1000,20
no_change_seed_57,0.75,750.0,1000,1000,3,1686.6586924064925,1685.2645406579836,0.0004385932128732605,0.0,0.0005748948578666762,0.06213002081195782,53,converged_iterate,1686.6586924064925,1685.2645406579836,0.0004385932128732605,0.0,0.0005748948578666762,0.06213002081195782,residual_converged,54,0.6776403374796834,0.6675540981477573,0.6776403374796834,0,11,pilot_cv_refined_refit/adaptive_rho_normalized_stagnation_escape_newton5/no_change_seed_57/lambda_0.75/result.json,True,True,3446.5143893847708,1.0,1000,20
no_change_seed_58,0.38796139347884,387.96139347884,1000,1000,3,1687.008445779387,1686.2084228946392,0.0005414322955505577,0.0,0.0005749976969493534,0.06134207999370083,61,converged_iterate,1687.008445779387,1686.2084228946392,0.0005414322955505577,0.0,0.0005749976969493534,0.06134207999370083,residual_converged,62,0.6728333198084882,0.6548381285133896,0.6728333198084882,0,11,pilot_cv_refined_refit/adaptive_rho_normalized_stagnation_escape_newton5/no_change_seed_58/lambda_0.38796139347884/result.json,True,True,3448.402153858082,1.0,1000,20
small_seed_50,0.0268787537952229,26.8787537952229,1000,1000,3,1687.161620191527,1659.4370654838642,0.0005242650589280337,0.0,0.0009394587634506848,0.1689841256264394,135,converged_iterate,1687.161620191527,1659.4370654838642,0.0005242650589280337,0.0,0.0009394587634506848,0.1689841256264394,residual_converged,136,0.6802454212082119,0.6869153646496005,0.6802454212082119,29,40,pilot_cv_refined_refit/adaptive_rho_normalized_stagnation_escape_newton5/small_seed_50/lambda_0.0268787537952229/result.json,True,True,3595.184342127014,1.0,1000,20
no_change_seed_47,0.311432734903879,311.432734903879,1000,1000,3,1689.5751650533741,1688.7530960024806,0.0005663323696203083,0.0,0.0005750225970234232,0.07646498227669676,73,converged_iterate,1689.5751650533741,1688.7530960024806,0.0005663323696203083,0.0,0.0005750225970234232,0.07646498227669676,residual_converged,74,0.6597915104823784,0.6642052512447237,0.6597915104823784,0,11,pilot_cv_refined_refit/adaptive_rho_normalized_stagnation_escape_newton5/no_change_seed_47/lambda_0.311432734903879/result.json,True,True,3453.4915000737647,1.0,1000,20
no_change_seed_49,0.109595822638522,109.595822638522,1000,1000,3,1692.9056916943257,1692.7219895212036,0.00034385980252130897,0.0,0.0005748001244563241,0.07978851072462985,60,converged_iterate,1692.9056916943257,1692.7219895212036,0.00034385980252130897,0.0,0.0005748001244563241,0.07978851072462985,residual_converged,61,0.6529195954611127,0.6718370162943123,0.6529195954611127,0,11,pilot_cv_refined_refit/adaptive_rho_normalized_stagnation_escape_newton5/no_change_seed_49/lambda_0.109595822638522/result.json,True,True,3461.4292871112107,1.0,1000,20
no_change_seed_44,0.208138301850468,208.138301850468,1000,1000,3,1694.0881547772944,1693.8256070844554,0.00031619622951003097,0.0,0.0005747724608833129,0.09102518246030866,70,converged_iterate,1694.0881547772944,1693.8256070844554,0.00031619622951003097,0.0,0.0005747724608833129,0.09102518246030866,residual_converged,71,0.6662887247091028,0.6534668496544689,0.6662887247091028,0,11,pilot_cv_refined_refit/adaptive_rho_normalized_stagnation_escape_newton5/no_change_seed_44/lambda_0.208138301850468/result.json,True,True,3463.6365222377144,1.0,1000,20
no_change_seed_50,0.75,750.0,1000,1000,3,1701.4443590878795,1700.373586805322,0.0003383645876785178,0.0,0.0005747946292414814,0.07048886622299835,57,converged_iterate,1701.4443590878795,1700.373586805322,0.0003383645876785178,0.0,0.0005747946292414814,0.07048886622299835,residual_converged,58,0.6652055426877662,0.6656331420501124,0.6652055426877662,0,11,pilot_cv_refined_refit/adaptive_rho_normalized_stagnation_escape_newton5/no_change_seed_50/lambda_0.75/result.json,True,True,3476.7324816794476,1.0,1000,20
