data_name,data_path,n_samples,n_features,n_events,c_td_cox,c_index_harrell
extended_aft_step_seed_100,data/extended_aft_step/extended_aft_step_seed_100.csv,1000,3,884,0.8105385124248684,0.8105385124248684
extended_aft_step_seed_101,data/extended_aft_step/extended_aft_step_seed_101.csv,1000,3,860,0.8142570691147883,0.8142570691147883
extended_aft_step_seed_102,data/extended_aft_step/extended_aft_step_seed_102.csv,1000,3,874,0.8088812945615802,0.8088812945615802
extended_aft_step_seed_103,data/extended_aft_step/extended_aft_step_seed_103.csv,1000,3,894,0.799838023891476,0.799838023891476
extended_aft_step_seed_104,data/extended_aft_step/extended_aft_step_seed_104.csv,1000,3,873,0.8088968109112292,0.8088968109112292
extended_aft_step_seed_105,data/extended_aft_step/extended_aft_step_seed_105.csv,1000,3,895,0.8037554199746562,0.8037554199746562
extended_aft_step_seed_106,data/extended_aft_step/extended_aft_step_seed_106.csv,1000,3,881,0.8079175550817342,0.8079175550817342
extended_aft_step_seed_107,data/extended_aft_step/extended_aft_step_seed_107.csv,1000,3,884,0.8152680770932172,0.8152680770932172
extended_aft_step_seed_108,data/extended_aft_step/extended_aft_step_seed_108.csv,1000,3,868,0.8155334069507321,0.8155334069507321
extended_aft_step_seed_109,data/extended_aft_step/extended_aft_step_seed_109.csv,1000,3,907,0.8118526566194868,0.8118526566194868
extended_aft_step_seed_110,data/extended_aft_step/extended_aft_step_seed_110.csv,1000,3,850,0.8247057642960564,0.8247057642960564
extended_aft_step_seed_111,data/extended_aft_step/extended_aft_step_seed_111.csv,1000,3,890,0.8197038565120562,0.8197038565120562
extended_aft_step_seed_112,data/extended_aft_step/extended_aft_step_seed_112.csv,1000,3,889,0.8066267770926825,0.8066267770926825
extended_aft_step_seed_113,data/extended_aft_step/extended_aft_step_seed_113.csv,1000,3,892,0.8132964146024788,0.8132964146024788
extended_aft_step_seed_114,data/extended_aft_step/extended_aft_step_seed_114.csv,1000,3,887,0.811094325083395,0.811094325083395
extended_aft_step_seed_115,data/extended_aft_step/extended_aft_step_seed_115.csv,1000,3,875,0.8102971054135457,0.8102971054135457
extended_aft_step_seed_116,data/extended_aft_step/extended_aft_step_seed_116.csv,1000,3,876,0.8061426355265218,0.8061426355265218
extended_aft_step_seed_117,data/extended_aft_step/extended_aft_step_seed_117.csv,1000,3,879,0.8119351981276208,0.8119351981276208
extended_aft_step_seed_118,data/extended_aft_step/extended_aft_step_seed_118.csv,1000,3,874,0.8221355210242495,0.8221355210242495
extended_aft_step_seed_119,data/extended_aft_step/extended_aft_step_seed_119.csv,1000,3,862,0.8114589498173507,0.8114589498173507
extended_aft_step_seed_120,data/extended_aft_step/extended_aft_step_seed_120.csv,1000,3,876,0.8250602840772775,0.8250602840772775
extended_aft_step_seed_121,data/extended_aft_step/extended_aft_step_seed_121.csv,1000,3,879,0.8116651327965804,0.8116651327965804
extended_aft_step_seed_122,data/extended_aft_step/extended_aft_step_seed_122.csv,1000,3,886,0.8076831024481269,0.8076831024481269
extended_aft_step_seed_123,data/extended_aft_step/extended_aft_step_seed_123.csv,1000,3,880,0.8125387188700285,0.8125387188700285
extended_aft_step_seed_124,data/extended_aft_step/extended_aft_step_seed_124.csv,1000,3,887,0.8102773851697588,0.8102773851697588
extended_aft_step_seed_125,data/extended_aft_step/extended_aft_step_seed_125.csv,1000,3,875,0.8148234767754007,0.8148234767754007
extended_aft_step_seed_126,data/extended_aft_step/extended_aft_step_seed_126.csv,1000,3,880,0.8031438007531473,0.8031438007531473
extended_aft_step_seed_127,data/extended_aft_step/extended_aft_step_seed_127.csv,1000,3,890,0.7994796099506359,0.7994796099506359
extended_aft_step_seed_128,data/extended_aft_step/extended_aft_step_seed_128.csv,1000,3,865,0.8073956262425447,0.8073956262425447
extended_aft_step_seed_129,data/extended_aft_step/extended_aft_step_seed_129.csv,1000,3,893,0.8215931827202696,0.8215931827202696
extended_aft_step_seed_130,data/extended_aft_step/extended_aft_step_seed_130.csv,1000,3,882,0.8029920984887243,0.8029920984887243
extended_aft_step_seed_131,data/extended_aft_step/extended_aft_step_seed_131.csv,1000,3,876,0.8059332182554931,0.8059332182554931
extended_aft_step_seed_132,data/extended_aft_step/extended_aft_step_seed_132.csv,1000,3,892,0.7990504181765518,0.7990504181765518
extended_aft_step_seed_133,data/extended_aft_step/extended_aft_step_seed_133.csv,1000,3,901,0.8036568452633664,0.8036568452633664
extended_aft_step_seed_134,data/extended_aft_step/extended_aft_step_seed_134.csv,1000,3,890,0.8143196136800702,0.8143196136800702
extended_aft_step_seed_135,data/extended_aft_step/extended_aft_step_seed_135.csv,1000,3,888,0.8124522296221959,0.8124522296221959
extended_aft_step_seed_136,data/extended_aft_step/extended_aft_step_seed_136.csv,1000,3,878,0.8134389777500503,0.8134389777500503
extended_aft_step_seed_137,data/extended_aft_step/extended_aft_step_seed_137.csv,1000,3,870,0.8230387814736756,0.8230387814736756
extended_aft_step_seed_138,data/extended_aft_step/extended_aft_step_seed_138.csv,1000,3,883,0.8049553261535839,0.8049553261535839
extended_aft_step_seed_139,data/extended_aft_step/extended_aft_step_seed_139.csv,1000,3,888,0.815931069437405,0.815931069437405
extended_aft_step_seed_140,data/extended_aft_step/extended_aft_step_seed_140.csv,1000,3,888,0.7985650453314304,0.7985650453314304
extended_aft_step_seed_141,data/extended_aft_step/extended_aft_step_seed_141.csv,1000,3,887,0.8094983169079775,0.8094983169079775
extended_aft_step_seed_42,data/extended_aft_step/extended_aft_step_seed_42.csv,1000,3,858,0.8183224198343055,0.8183224198343055
extended_aft_step_seed_43,data/extended_aft_step/extended_aft_step_seed_43.csv,1000,3,872,0.809516346999251,0.809516346999251
extended_aft_step_seed_44,data/extended_aft_step/extended_aft_step_seed_44.csv,1000,3,887,0.8081137037885716,0.8081137037885716
extended_aft_step_seed_45,data/extended_aft_step/extended_aft_step_seed_45.csv,1000,3,879,0.796953345306494,0.796953345306494
extended_aft_step_seed_46,data/extended_aft_step/extended_aft_step_seed_46.csv,1000,3,889,0.8176727047191668,0.8176727047191668
extended_aft_step_seed_47,data/extended_aft_step/extended_aft_step_seed_47.csv,1000,3,874,0.8164594169614542,0.8164594169614542
extended_aft_step_seed_48,data/extended_aft_step/extended_aft_step_seed_48.csv,1000,3,887,0.8166087720045342,0.8166087720045342
extended_aft_step_seed_49,data/extended_aft_step/extended_aft_step_seed_49.csv,1000,3,898,0.8068017219754166,0.8068017219754166
extended_aft_step_seed_50,data/extended_aft_step/extended_aft_step_seed_50.csv,1000,3,867,0.8176580637798356,0.8176580637798356
extended_aft_step_seed_51,data/extended_aft_step/extended_aft_step_seed_51.csv,1000,3,868,0.8148486953758014,0.8148486953758014
extended_aft_step_seed_52,data/extended_aft_step/extended_aft_step_seed_52.csv,1000,3,876,0.8167076007221743,0.8167076007221743
extended_aft_step_seed_53,data/extended_aft_step/extended_aft_step_seed_53.csv,1000,3,871,0.809558320575877,0.809558320575877
extended_aft_step_seed_54,data/extended_aft_step/extended_aft_step_seed_54.csv,1000,3,861,0.821729225694246,0.821729225694246
extended_aft_step_seed_55,data/extended_aft_step/extended_aft_step_seed_55.csv,1000,3,871,0.8093701587275737,0.8093701587275737
extended_aft_step_seed_56,data/extended_aft_step/extended_aft_step_seed_56.csv,1000,3,881,0.8050941936427161,0.8050941936427161
extended_aft_step_seed_57,data/extended_aft_step/extended_aft_step_seed_57.csv,1000,3,893,0.7993305008890202,0.7993305008890202
extended_aft_step_seed_58,data/extended_aft_step/extended_aft_step_seed_58.csv,1000,3,882,0.7971235757964577,0.7971235757964577
extended_aft_step_seed_59,data/extended_aft_step/extended_aft_step_seed_59.csv,1000,3,884,0.813156196606345,0.813156196606345
extended_aft_step_seed_60,data/extended_aft_step/extended_aft_step_seed_60.csv,1000,3,882,0.8046227870716258,0.8046227870716258
extended_aft_step_seed_61,data/extended_aft_step/extended_aft_step_seed_61.csv,1000,3,877,0.8169585234721982,0.8169585234721982
extended_aft_step_seed_62,data/extended_aft_step/extended_aft_step_seed_62.csv,1000,3,877,0.8074877940704184,0.8074877940704184
extended_aft_step_seed_63,data/extended_aft_step/extended_aft_step_seed_63.csv,1000,3,868,0.8133199138600204,0.8133199138600204
extended_aft_step_seed_64,data/extended_aft_step/extended_aft_step_seed_64.csv,1000,3,871,0.8101042919931517,0.8101042919931517
extended_aft_step_seed_65,data/extended_aft_step/extended_aft_step_seed_65.csv,1000,3,874,0.8126518008616797,0.8126518008616797
extended_aft_step_seed_66,data/extended_aft_step/extended_aft_step_seed_66.csv,1000,3,875,0.8115695924509884,0.8115695924509884
extended_aft_step_seed_67,data/extended_aft_step/extended_aft_step_seed_67.csv,1000,3,885,0.8113873588752625,0.8113873588752625
extended_aft_step_seed_68,data/extended_aft_step/extended_aft_step_seed_68.csv,1000,3,890,0.7995472903279409,0.7995472903279409
extended_aft_step_seed_69,data/extended_aft_step/extended_aft_step_seed_69.csv,1000,3,855,0.8141327264064324,0.8141327264064324
extended_aft_step_seed_70,data/extended_aft_step/extended_aft_step_seed_70.csv,1000,3,888,0.8131198657075897,0.8131198657075897
extended_aft_step_seed_71,data/extended_aft_step/extended_aft_step_seed_71.csv,1000,3,880,0.8109798330012451,0.8109798330012451
extended_aft_step_seed_72,data/extended_aft_step/extended_aft_step_seed_72.csv,1000,3,867,0.8159542208744986,0.8159542208744986
extended_aft_step_seed_73,data/extended_aft_step/extended_aft_step_seed_73.csv,1000,3,889,0.8101126761134342,0.8101126761134342
extended_aft_step_seed_74,data/extended_aft_step/extended_aft_step_seed_74.csv,1000,3,879,0.812374036992491,0.812374036992491
extended_aft_step_seed_75,data/extended_aft_step/extended_aft_step_seed_75.csv,1000,3,889,0.8059042908972982,0.8059042908972982
extended_aft_step_seed_76,data/extended_aft_step/extended_aft_step_seed_76.csv,1000,3,882,0.8074534539777537,0.8074534539777537
extended_aft_step_seed_77,data/extended_aft_step/extended_aft_step_seed_77.csv,1000,3,869,0.8105051755954684,0.8105051755954684
extended_aft_step_seed_78,data/extended_aft_step/extended_aft_step_seed_78.csv,1000,3,886,0.8088039624524368,0.8088039624524368
extended_aft_step_seed_79,data/extended_aft_step/extended_aft_step_seed_79.csv,1000,3,850,0.8209778065398723,0.8209778065398723
extended_aft_step_seed_80,data/extended_aft_step/extended_aft_step_seed_80.csv,1000,3,895,0.8003862199631998,0.8003862199631998
extended_aft_step_seed_81,data/extended_aft_step/extended_aft_step_seed_81.csv,1000,3,867,0.8245725942697368,0.8245725942697368
extended_aft_step_seed_82,data/extended_aft_step/extended_aft_step_seed_82.csv,1000,3,889,0.800492121595382,0.800492121595382
extended_aft_step_seed_83,data/extended_aft_step/extended_aft_step_seed_83.csv,1000,3,885,0.8137834076514527,0.8137834076514527
extended_aft_step_seed_84,data/extended_aft_step/extended_aft_step_seed_84.csv,1000,3,879,0.8132734139617283,0.8132734139617283
extended_aft_step_seed_85,data/extended_aft_step/extended_aft_step_seed_85.csv,1000,3,872,0.8131376759237587,0.8131376759237587
extended_aft_step_seed_86,data/extended_aft_step/extended_aft_step_seed_86.csv,1000,3,874,0.8042320077626137,0.8042320077626137
extended_aft_step_seed_87,data/extended_aft_step/extended_aft_step_seed_87.csv,1000,3,867,0.8112457738169235,0.8112457738169235
extended_aft_step_seed_88,data/extended_aft_step/extended_aft_step_seed_88.csv,1000,3,888,0.8030994487571186,0.8030994487571186
extended_aft_step_seed_89,data/extended_aft_step/extended_aft_step_seed_89.csv,1000,3,873,0.8205862245769954,0.8205862245769954
extended_aft_step_seed_90,data/extended_aft_step/extended_aft_step_seed_90.csv,1000,3,880,0.8056015956971425,0.8056015956971425
extended_aft_step_seed_91,data/extended_aft_step/extended_aft_step_seed_91.csv,1000,3,894,0.8115551182298025,0.8115551182298025
extended_aft_step_seed_92,data/extended_aft_step/extended_aft_step_seed_92.csv,1000,3,877,0.8164205741976924,0.8164205741976924
extended_aft_step_seed_93,data/extended_aft_step/extended_aft_step_seed_93.csv,1000,3,885,0.8077416213584354,0.8077416213584354
extended_aft_step_seed_94,data/extended_aft_step/extended_aft_step_seed_94.csv,1000,3,889,0.8041631618951102,0.8041631618951102
extended_aft_step_seed_95,data/extended_aft_step/extended_aft_step_seed_95.csv,1000,3,876,0.815852019623909,0.815852019623909
extended_aft_step_seed_96,data/extended_aft_step/extended_aft_step_seed_96.csv,1000,3,870,0.8093344329393078,0.8093344329393078
extended_aft_step_seed_97,data/extended_aft_step/extended_aft_step_seed_97.csv,1000,3,878,0.8094475547923631,0.8094475547923631
extended_aft_step_seed_98,data/extended_aft_step/extended_aft_step_seed_98.csv,1000,3,913,0.8112926652142338,0.8112926652142338
extended_aft_step_seed_99,data/extended_aft_step/extended_aft_step_seed_99.csv,1000,3,886,0.8086144684614152,0.8086144684614152
