data_name,data_path,n_samples,n_features,n_events,c_td_cox,c_index_harrell,admm_best_c_td,admm_median_c_td,admm_mean_c_td,delta_best_admm_minus_cox,delta_median_admm_minus_cox
extended_aft_step_seed_100,data/extended_aft_step/extended_aft_step_seed_100.csv,1000,3,879,0.6937639039850472,0.6937639039850472,0.7057810103308514,0.702948914600327,0.7029165154080614,0.012017106345804218,0.009185010615279876
extended_aft_step_seed_101,data/extended_aft_step/extended_aft_step_seed_101.csv,1000,3,849,0.7015218901018759,0.7015218901018759,0.7070387161139257,0.7062786929239997,0.7063871598454163,0.005516826012049725,0.004756802822123762
extended_aft_step_seed_102,data/extended_aft_step/extended_aft_step_seed_102.csv,1000,3,850,0.6976786573690085,0.6976786573690085,0.714039668642931,0.7126470678585691,0.7118629215190774,0.016361011273922532,0.014968410489560657
extended_aft_step_seed_103,data/extended_aft_step/extended_aft_step_seed_103.csv,1000,3,867,0.7059705842193325,0.7059705842193325,0.7239595752095522,0.7190684934856906,0.7192220906135101,0.017988990990219778,0.013097909266358121
extended_aft_step_seed_104,data/extended_aft_step/extended_aft_step_seed_104.csv,1000,3,867,0.692406138997634,0.692406138997634,0.7016052610663563,0.7002663547307005,0.6999846942294242,0.00919912206872231,0.0078602157330665
extended_aft_step_seed_105,data/extended_aft_step/extended_aft_step_seed_105.csv,1000,3,855,0.7019843038782262,0.7019843038782262,0.7085952420875269,0.7071883984475644,0.7068676828686867,0.0066109382093006985,0.005204094569338236
extended_aft_step_seed_106,data/extended_aft_step/extended_aft_step_seed_106.csv,1000,3,861,0.7168676666312841,0.7168676666312841,0.7281213511770134,0.7264576920250508,0.7262560331146063,0.011253684545729281,0.009590025393766743
extended_aft_step_seed_107,data/extended_aft_step/extended_aft_step_seed_107.csv,1000,3,871,0.7192563881243588,0.7192563881243588,0.7279204599123821,0.7268578082504112,0.7264980195550192,0.008664071788023309,0.007601420126052472
extended_aft_step_seed_108,data/extended_aft_step/extended_aft_step_seed_108.csv,1000,3,864,0.6898716492248576,0.6898716492248576,0.6990681158563075,0.6947156519415782,0.6954189850340979,0.009196466631449907,0.004844002716720697
extended_aft_step_seed_109,data/extended_aft_step/extended_aft_step_seed_109.csv,1000,3,857,0.6883991923617696,0.6883991923617696,0.6995123925056403,0.6978815845404309,0.6972973246230706,0.011113200143870738,0.009482392178661314
extended_aft_step_seed_110,data/extended_aft_step/extended_aft_step_seed_110.csv,1000,3,866,0.6865853583957958,0.6865853583957958,0.6928883461995552,0.6894351568918035,0.6896200150654583,0.0063029878037593745,0.0028497984960076383
extended_aft_step_seed_111,data/extended_aft_step/extended_aft_step_seed_111.csv,1000,3,880,0.6997731201163445,0.6997731201163445,0.7097034312281778,0.7087853496936004,0.7084365257477078,0.00993031111183329,0.009012229577255892
extended_aft_step_seed_112,data/extended_aft_step/extended_aft_step_seed_112.csv,1000,3,858,0.7035428333268637,0.7035428333268637,0.709404311220164,0.7079271942745885,0.7067349199284765,0.005861477893300271,0.004384360947724764
extended_aft_step_seed_113,data/extended_aft_step/extended_aft_step_seed_113.csv,1000,3,861,0.6889985751670811,0.6889985751670811,0.703177499887728,0.7015771144887952,0.7011082582937803,0.014178924720646968,0.012578539321714155
extended_aft_step_seed_114,data/extended_aft_step/extended_aft_step_seed_114.csv,1000,3,850,0.7087252582967264,0.7087252582967264,0.7170276165023193,0.7159544947214287,0.715991465469806,0.008302358205592886,0.007229236424702301
extended_aft_step_seed_115,data/extended_aft_step/extended_aft_step_seed_115.csv,1000,3,856,0.6997902603960112,0.6997902603960112,0.7066916337202409,0.705046015969647,0.7049776951280892,0.006901373324229687,0.005255755573635779
extended_aft_step_seed_116,data/extended_aft_step/extended_aft_step_seed_116.csv,1000,3,855,0.6967715946130535,0.6967715946130535,0.7062453735323106,0.7048446529280172,0.7046246703759484,0.009473778919257159,0.008073058314963744
extended_aft_step_seed_117,data/extended_aft_step/extended_aft_step_seed_117.csv,1000,3,850,0.6995113639621706,0.6995113639621706,0.710215892754015,0.7087925815792815,0.7088257795983514,0.010704528791844359,0.00928121761711087
extended_aft_step_seed_118,data/extended_aft_step/extended_aft_step_seed_118.csv,1000,3,886,0.6890662047619723,0.6890662047619723,0.6996152371757557,0.6988668055355546,0.6984960591247118,0.010549032413783355,0.009800600773582246
extended_aft_step_seed_119,data/extended_aft_step/extended_aft_step_seed_119.csv,1000,3,859,0.7092492927972549,0.7092492927972549,0.7185486259331502,0.7181462607612259,0.7175383593326307,0.00929933313589526,0.008896967963970992
extended_aft_step_seed_120,data/extended_aft_step/extended_aft_step_seed_120.csv,1000,3,855,0.692853666616227,0.692853666616227,0.7013990847262154,0.6999124805228266,0.6999174312064838,0.008545418109988323,0.00705881390659957
extended_aft_step_seed_121,data/extended_aft_step/extended_aft_step_seed_121.csv,1000,3,856,0.7055531138526324,0.7055531138526324,0.7133947279659024,0.7130288132301685,0.7125727377921279,0.007841614113270001,0.007475699377536116
extended_aft_step_seed_122,data/extended_aft_step/extended_aft_step_seed_122.csv,1000,3,882,0.6929503290956266,0.6929503290956266,0.6986064698454205,0.6976685168567612,0.6975567489339841,0.005656140749793925,0.00471818776113464
extended_aft_step_seed_123,data/extended_aft_step/extended_aft_step_seed_123.csv,1000,3,867,0.6943445290639972,0.6943445290639972,0.7013794775959714,0.7002891828495618,0.7001792416675577,0.007034948531974172,0.005944653785564524
extended_aft_step_seed_124,data/extended_aft_step/extended_aft_step_seed_124.csv,1000,3,874,0.706282368927457,0.706282368927457,0.716642459896094,0.7127531031452529,0.7130389593037186,0.010360090968636992,0.0064707342177958704
extended_aft_step_seed_125,data/extended_aft_step/extended_aft_step_seed_125.csv,1000,3,866,0.6902322035383979,0.6902322035383979,0.6962008802167314,0.6952366780074242,0.6950902291350859,0.005968676678333562,0.005004474469026299
extended_aft_step_seed_126,data/extended_aft_step/extended_aft_step_seed_126.csv,1000,3,864,0.7080110790216523,0.7080110790216523,0.7151414655636595,0.7127959436748413,0.7129909923371747,0.007130386542007261,0.004784864653189058
extended_aft_step_seed_127,data/extended_aft_step/extended_aft_step_seed_127.csv,1000,3,861,0.7111438177338393,0.7111438177338393,0.7186007916272861,0.7149692677957936,0.7157868736760238,0.007456973893446794,0.0038254500619543386
extended_aft_step_seed_128,data/extended_aft_step/extended_aft_step_seed_128.csv,1000,3,856,0.6938603628097518,0.6938603628097518,0.7070211087080064,0.7052201430142565,0.7050440165526597,0.013160745898254556,0.011359780204504677
extended_aft_step_seed_129,data/extended_aft_step/extended_aft_step_seed_129.csv,1000,3,869,0.7021036508363275,0.7021036508363275,0.7118092048981987,0.7105789520853193,0.7099553567025623,0.009705554061871124,0.008475301248991762
extended_aft_step_seed_130,data/extended_aft_step/extended_aft_step_seed_130.csv,1000,3,864,0.7021650230983387,0.7021650230983387,0.7120896603065502,0.7113492897133359,0.7110624591746859,0.009924637208211462,0.00918426661499716
extended_aft_step_seed_131,data/extended_aft_step/extended_aft_step_seed_131.csv,1000,3,857,0.7007489909569304,0.7007489909569304,0.7092157563991213,0.7072926991263475,0.7074957715650184,0.008466765442190827,0.006543708169417073
extended_aft_step_seed_132,data/extended_aft_step/extended_aft_step_seed_132.csv,1000,3,879,0.6964267574672804,0.6964267574672804,0.7031494431283953,0.7019771887837404,0.7016901933754531,0.006722685661114891,0.005550431316459936
extended_aft_step_seed_133,data/extended_aft_step/extended_aft_step_seed_133.csv,1000,3,873,0.719948318310375,0.719948318310375,0.7270738803996175,0.724196797363013,0.7244719118691187,0.007125562089242532,0.004248479052638032
extended_aft_step_seed_134,data/extended_aft_step/extended_aft_step_seed_134.csv,1000,3,871,0.7033457173393048,0.7033457173393048,0.7136607460939488,0.7125166675148863,0.7125553463280574,0.010315028754643962,0.00917095017558145
extended_aft_step_seed_135,data/extended_aft_step/extended_aft_step_seed_135.csv,1000,3,864,0.7049502648394749,0.7049502648394749,0.7121193888602214,0.7109955802299422,0.7110702932690744,0.007169124020746542,0.006045315390467376
extended_aft_step_seed_136,data/extended_aft_step/extended_aft_step_seed_136.csv,1000,3,860,0.6921911498064326,0.6921911498064326,0.7024412355641223,0.6996173573563763,0.6995433134364031,0.010250085757689709,0.00742620754994372
extended_aft_step_seed_137,data/extended_aft_step/extended_aft_step_seed_137.csv,1000,3,851,0.708179443293397,0.708179443293397,0.7187292709092546,0.7182153941905316,0.7178867458382343,0.010549827615857654,0.010035950897134605
extended_aft_step_seed_138,data/extended_aft_step/extended_aft_step_seed_138.csv,1000,3,868,0.7027825994833304,0.7027825994833304,0.7102311158920699,0.7082793438134122,0.708511064473888,0.007448516408739447,0.005496744330081738
extended_aft_step_seed_139,data/extended_aft_step/extended_aft_step_seed_139.csv,1000,3,856,0.695053743218215,0.695053743218215,0.7054119359415182,0.7045717509781716,0.7041122260737723,0.010358192723303183,0.009518007759956593
extended_aft_step_seed_140,data/extended_aft_step/extended_aft_step_seed_140.csv,1000,3,858,0.6868657564136877,0.6868657564136877,0.7020538919341889,0.7007320297224907,0.7000444850237517,0.015188135520501134,0.013866273308802968
extended_aft_step_seed_141,data/extended_aft_step/extended_aft_step_seed_141.csv,1000,3,860,0.6903471623834591,0.6903471623834591,0.7072356465240882,0.7058982076276897,0.7052897239771144,0.016888484140629156,0.015551045244230677
extended_aft_step_seed_42,data/extended_aft_step/extended_aft_step_seed_42.csv,1000,3,843,0.7025206427526133,0.7025206427526133,0.7105478667616277,0.7093779568446914,0.7091263667988423,0.008027224009014455,0.006857314092078126
extended_aft_step_seed_43,data/extended_aft_step/extended_aft_step_seed_43.csv,1000,3,867,0.7015832710065153,0.7015832710065153,0.7143325867701393,0.7116465896191713,0.7115616399448814,0.012749315763624036,0.01006331861265597
extended_aft_step_seed_44,data/extended_aft_step/extended_aft_step_seed_44.csv,1000,3,851,0.7076834885863446,0.7076834885863446,0.7154611526256526,0.71504555225714,0.7144678925279213,0.007777664039308019,0.0073620636707953935
extended_aft_step_seed_45,data/extended_aft_step/extended_aft_step_seed_45.csv,1000,3,856,0.7044462161167668,0.7044462161167668,0.7103704157978659,0.7098695776605748,0.7095805870619145,0.005924199681099029,0.0054233615438079585
extended_aft_step_seed_46,data/extended_aft_step/extended_aft_step_seed_46.csv,1000,3,858,0.6995777073616211,0.6995777073616211,0.7056413965280884,0.7032694480367581,0.7035606324292746,0.006063689166467379,0.0036917406751370008
extended_aft_step_seed_47,data/extended_aft_step/extended_aft_step_seed_47.csv,1000,3,863,0.7096447114747075,0.7096447114747075,0.7222588312098988,0.7201615782440607,0.7202045283355175,0.01261411973519122,0.01051686676935315
extended_aft_step_seed_48,data/extended_aft_step/extended_aft_step_seed_48.csv,1000,3,858,0.7138919931599346,0.7138919931599346,0.7214450761948152,0.7204133458911596,0.7202336667522947,0.00755308303488067,0.006521352731225005
extended_aft_step_seed_49,data/extended_aft_step/extended_aft_step_seed_49.csv,1000,3,880,0.6916436639429004,0.6916436639429004,0.6986612719439891,0.6978081907976919,0.6976368262516374,0.007017608001088638,0.006164526854791408
extended_aft_step_seed_50,data/extended_aft_step/extended_aft_step_seed_50.csv,1000,3,860,0.7099697391687868,0.7099697391687868,0.7215962690559519,0.7205875746821796,0.7199097741904491,0.01162652988716506,0.010617835513392793
extended_aft_step_seed_51,data/extended_aft_step/extended_aft_step_seed_51.csv,1000,3,860,0.7021791421465531,0.7021791421465531,0.7129298762185187,0.7112167013113241,0.7110676408009245,0.010750734071965584,0.009037559164771003
extended_aft_step_seed_52,data/extended_aft_step/extended_aft_step_seed_52.csv,1000,3,871,0.6804126019901308,0.6804126019901308,0.6869941208084296,0.6828595508362784,0.6834882703313827,0.006581518818298826,0.0024469488461476008
extended_aft_step_seed_53,data/extended_aft_step/extended_aft_step_seed_53.csv,1000,3,863,0.6915044894145298,0.6915044894145298,0.7006302113829763,0.6984880231274725,0.698526893911858,0.00912572196844652,0.006983533712942691
extended_aft_step_seed_54,data/extended_aft_step/extended_aft_step_seed_54.csv,1000,3,836,0.706177857961313,0.706177857961313,0.7158547398000852,0.7153630784991781,0.7148223701669321,0.009676881838772133,0.00918522053786508
extended_aft_step_seed_55,data/extended_aft_step/extended_aft_step_seed_55.csv,1000,3,846,0.7115131457536201,0.7115131457536201,0.7241954864400454,0.723283014070529,0.7230763452842931,0.012682340686425264,0.01176986831690885
extended_aft_step_seed_56,data/extended_aft_step/extended_aft_step_seed_56.csv,1000,3,876,0.699173933463319,0.699173933463319,0.7079652494973051,0.7067961915140623,0.7064083959871724,0.008791316033986085,0.007622258050743236
extended_aft_step_seed_57,data/extended_aft_step/extended_aft_step_seed_57.csv,1000,3,874,0.6995221793017593,0.6995221793017593,0.7124959571364932,0.7113263236691096,0.71099668509281,0.012973777834733857,0.011804144367350333
extended_aft_step_seed_58,data/extended_aft_step/extended_aft_step_seed_58.csv,1000,3,880,0.6904484317684193,0.6904484317684193,0.702302077028383,0.699805824453932,0.6995717105770939,0.011853645259963685,0.009357392685512722
extended_aft_step_seed_59,data/extended_aft_step/extended_aft_step_seed_59.csv,1000,3,870,0.7022482320193363,0.7022482320193363,0.7104889665381788,0.7091450365202802,0.7089538426485152,0.008240734518842552,0.006896804500943876
extended_aft_step_seed_60,data/extended_aft_step/extended_aft_step_seed_60.csv,1000,3,857,0.6998301735254627,0.6998301735254627,0.7118569942553283,0.7105408901686616,0.7099659820006955,0.012026820729865606,0.010710716643198892
extended_aft_step_seed_61,data/extended_aft_step/extended_aft_step_seed_61.csv,1000,3,854,0.7173007259346229,0.7173007259346229,0.7250223466772485,0.7226884740236497,0.7227403641762874,0.007721620742625612,0.005387748089026756
extended_aft_step_seed_62,data/extended_aft_step/extended_aft_step_seed_62.csv,1000,3,858,0.6895803538593552,0.6895803538593552,0.6973991746005802,0.6948003922690312,0.6952672870424335,0.007818820741224974,0.005220038409675998
extended_aft_step_seed_63,data/extended_aft_step/extended_aft_step_seed_63.csv,1000,3,832,0.7073257651132658,0.7073257651132658,0.7166552339989,0.7152771340464846,0.7148315364692345,0.009329468885634129,0.007951368933218794
extended_aft_step_seed_64,data/extended_aft_step/extended_aft_step_seed_64.csv,1000,3,871,0.6779120684495636,0.6779120684495636,0.6889172534673661,0.6869079827288217,0.6868978040523347,0.011005185017802455,0.008995914279258055
extended_aft_step_seed_65,data/extended_aft_step/extended_aft_step_seed_65.csv,1000,3,848,0.7012817754280269,0.7012817754280269,0.7108986772405455,0.7099048145985102,0.7095729518367585,0.009616901812518508,0.008623039170483238
extended_aft_step_seed_66,data/extended_aft_step/extended_aft_step_seed_66.csv,1000,3,865,0.7027906009395798,0.7027906009395798,0.7115216788464048,0.7095948062116665,0.7094585139116877,0.008731077906825035,0.006804205272086694
extended_aft_step_seed_67,data/extended_aft_step/extended_aft_step_seed_67.csv,1000,3,848,0.6997924176074132,0.6997924176074132,0.7093272732116255,0.7069092354697448,0.7070482564621304,0.0095348556042123,0.007116817862331648
extended_aft_step_seed_68,data/extended_aft_step/extended_aft_step_seed_68.csv,1000,3,852,0.7126857882004282,0.7126857882004282,0.722837365993033,0.7216543797099432,0.7210968185187874,0.010151577792604893,0.008968591509515011
extended_aft_step_seed_69,data/extended_aft_step/extended_aft_step_seed_69.csv,1000,3,854,0.7113575186339723,0.7113575186339723,0.7216154079019497,0.7194411035566137,0.7192525999714929,0.010257889267977327,0.008083584922641385
extended_aft_step_seed_70,data/extended_aft_step/extended_aft_step_seed_70.csv,1000,3,876,0.710946966924472,0.710946966924472,0.7196306145851123,0.7184595115524435,0.717684340648875,0.008683647660640337,0.0075125446279714625
extended_aft_step_seed_71,data/extended_aft_step/extended_aft_step_seed_71.csv,1000,3,856,0.6920587676136236,0.6920587676136236,0.6988844619885073,0.6980422379446463,0.6977339891089716,0.006825694374883673,0.0059834703310226445
extended_aft_step_seed_72,data/extended_aft_step/extended_aft_step_seed_72.csv,1000,3,861,0.6990111904499451,0.6990111904499451,0.7051881881759281,0.7034632829946803,0.7035688938195428,0.006176997725983013,0.00445209254473522
extended_aft_step_seed_73,data/extended_aft_step/extended_aft_step_seed_73.csv,1000,3,855,0.6941345351633431,0.6941345351633431,0.7061480639303768,0.7043485906852721,0.7042983302782467,0.012013528767033654,0.010214055521929
extended_aft_step_seed_74,data/extended_aft_step/extended_aft_step_seed_74.csv,1000,3,873,0.6938831567574606,0.6938831567574606,0.7006606589498229,0.6987399258157521,0.6986575750251577,0.006777502192362284,0.004856769058291466
extended_aft_step_seed_75,data/extended_aft_step/extended_aft_step_seed_75.csv,1000,3,866,0.6892003179974315,0.6892003179974315,0.7001569602707055,0.6981918992192755,0.6983251491551719,0.010956642273273975,0.008991581221843958
extended_aft_step_seed_76,data/extended_aft_step/extended_aft_step_seed_76.csv,1000,3,852,0.7091985640547035,0.7091985640547035,0.7184085894743736,0.7163230303848972,0.7165650763161019,0.009210025419670087,0.007124466330193702
extended_aft_step_seed_77,data/extended_aft_step/extended_aft_step_seed_77.csv,1000,3,865,0.6894491624782081,0.6894491624782081,0.7010347956406048,0.6996136083273012,0.6990128527145343,0.011585633162396691,0.010164445849093151
extended_aft_step_seed_78,data/extended_aft_step/extended_aft_step_seed_78.csv,1000,3,869,0.6890320530707766,0.6890320530707766,0.7002649872598362,0.6967291080663263,0.6969450085239945,0.011232934189059574,0.007697054995549624
extended_aft_step_seed_79,data/extended_aft_step/extended_aft_step_seed_79.csv,1000,3,863,0.6889051648862811,0.6889051648862811,0.7005055533340406,0.6999077844604575,0.6990609004823813,0.011600388447759569,0.011002619574176475
extended_aft_step_seed_80,data/extended_aft_step/extended_aft_step_seed_80.csv,1000,3,853,0.7048481314386847,0.7048481314386847,0.7134947672098947,0.7125617653377528,0.7122448419178875,0.008646635771209943,0.007713633899068095
extended_aft_step_seed_81,data/extended_aft_step/extended_aft_step_seed_81.csv,1000,3,846,0.7049746051339254,0.7049746051339254,0.7118354224036646,0.7100084683727806,0.7099904459660727,0.0068608172697391945,0.005033863238855241
extended_aft_step_seed_82,data/extended_aft_step/extended_aft_step_seed_82.csv,1000,3,864,0.702133387721803,0.702133387721803,0.7149031205384458,0.7127676932490312,0.7125800530287579,0.012769732816642843,0.010634305527228216
extended_aft_step_seed_83,data/extended_aft_step/extended_aft_step_seed_83.csv,1000,3,869,0.701677916597076,0.701677916597076,0.7091896383863648,0.7079736682377191,0.7079355050204998,0.007511721789288828,0.00629575164064311
extended_aft_step_seed_84,data/extended_aft_step/extended_aft_step_seed_84.csv,1000,3,871,0.6953904470307541,0.6953904470307541,0.7020677131788469,0.7014997384058841,0.7011370531377311,0.00667726614809272,0.006109291375129944
extended_aft_step_seed_85,data/extended_aft_step/extended_aft_step_seed_85.csv,1000,3,875,0.6916212660122465,0.6916212660122465,0.6956132698029215,0.6937992772500524,0.6940506973885165,0.003992003790674992,0.0021780112378059213
extended_aft_step_seed_86,data/extended_aft_step/extended_aft_step_seed_86.csv,1000,3,857,0.6962139914331491,0.6962139914331491,0.7038857371742472,0.7020566981656475,0.7021898560775938,0.007671745741098079,0.005842706732498426
extended_aft_step_seed_87,data/extended_aft_step/extended_aft_step_seed_87.csv,1000,3,868,0.703148938944486,0.703148938944486,0.7083258630244157,0.7073825667438146,0.7073218749517468,0.005176924079929646,0.004233627799328565
extended_aft_step_seed_88,data/extended_aft_step/extended_aft_step_seed_88.csv,1000,3,863,0.697698710625102,0.697698710625102,0.7117635057940265,0.7095295413742452,0.7091393358130106,0.014064795168924449,0.01183083074914315
extended_aft_step_seed_89,data/extended_aft_step/extended_aft_step_seed_89.csv,1000,3,859,0.707131156581522,0.707131156581522,0.7144126405745121,0.7127337121475169,0.7127297346630888,0.007281483992990112,0.005602555565994871
extended_aft_step_seed_90,data/extended_aft_step/extended_aft_step_seed_90.csv,1000,3,846,0.7105491945802304,0.7105491945802304,0.7141005872510744,0.711076162199403,0.7114781598200086,0.0035513926708440335,0.0005269676191725914
extended_aft_step_seed_91,data/extended_aft_step/extended_aft_step_seed_91.csv,1000,3,878,0.6774364643578561,0.6774364643578561,0.6941388293916104,0.6930150420861394,0.6912745461480096,0.01670236503375433,0.015578577728283305
extended_aft_step_seed_92,data/extended_aft_step/extended_aft_step_seed_92.csv,1000,3,850,0.7143216996317792,0.7143216996317792,0.7285119210967164,0.7254727684550701,0.7257104380385156,0.014190221464937203,0.011151068823290977
extended_aft_step_seed_93,data/extended_aft_step/extended_aft_step_seed_93.csv,1000,3,867,0.6941981845380029,0.6941981845380029,0.701871303553887,0.6997986443137398,0.6996891279299388,0.007673119015884189,0.005600459775736977
extended_aft_step_seed_94,data/extended_aft_step/extended_aft_step_seed_94.csv,1000,3,856,0.7085761711922581,0.7085761711922581,0.7147845071660592,0.7129487858277407,0.712929526999962,0.006208335973801105,0.004372614635482552
extended_aft_step_seed_95,data/extended_aft_step/extended_aft_step_seed_95.csv,1000,3,859,0.704770774867955,0.704770774867955,0.7146297226749673,0.713706531374207,0.7130563845429311,0.009858947807012242,0.008935756506252002
extended_aft_step_seed_96,data/extended_aft_step/extended_aft_step_seed_96.csv,1000,3,870,0.7025584009383247,0.7025584009383247,0.7089055322060405,0.7070525038282345,0.7070058833918929,0.0063471312677158,0.004494102889909812
extended_aft_step_seed_97,data/extended_aft_step/extended_aft_step_seed_97.csv,1000,3,851,0.7119515705386078,0.7119515705386078,0.7204987890587414,0.7194710755983564,0.7193395136215134,0.008547218520133626,0.007519505059748632
extended_aft_step_seed_98,data/extended_aft_step/extended_aft_step_seed_98.csv,1000,3,888,0.7032206008166045,0.7032206008166045,0.7152426094043328,0.7141823209572195,0.7135973857386348,0.012022008587728283,0.010961720140614917
extended_aft_step_seed_99,data/extended_aft_step/extended_aft_step_seed_99.csv,1000,3,862,0.7023121505244684,0.7023121505244684,0.7114281049753072,0.709338394351251,0.7090941508295042,0.009115954450838792,0.00702624382678263
